scope,group_id,dose_axis,scale_statistic,n_paired_blocks,ci_level,n_pairs,n_concepts,n_sentence_identities,bootstrap_effective_resamples,uncertainty_scope,delta_false_positive_rate,delta_false_positive_rate_ci_low,delta_false_positive_rate_ci_high,delta_hit_rate,delta_hit_rate_ci_low,delta_hit_rate_ci_high,delta_margin_sham,delta_margin_sham_ci_low,delta_margin_sham_ci_high,delta_margin_injected,delta_margin_injected_ci_low,delta_margin_injected_ci_high
condition,Dust__block_00__alpha128,alpha,mad_corrected,40,0.95,10,1,24,1000,conditional_on_one_concept,0.0,0.0,0.0,0.0,0.0,0.0,0.446875,0.125,0.8562926136363636,0.016015625,-0.796146065848214,0.734375
pooled,alpha__mad_corrected,alpha,mad_corrected,11200,0.95,100,10,163,1000,concepts_and_sentences,0.0,0.0,0.0,0.0064285714285714285,-0.0029495983472833014,0.019609629566112157,0.4846875,0.06642197986577189,0.8271831293706292,0.2193354034423828,0.010923080202133062,0.4207520922511142
condition,Dust__block_00__alpha256,alpha,mad_corrected,40,0.95,10,1,24,1000,conditional_on_one_concept,0.0,0.0,0.0,0.0,0.0,0.0,0.446875,0.125,0.8562926136363636,-0.1269073486328125,-0.828125,0.3382360839843749
condition,Dust__block_01__alpha128,alpha,mad_corrected,40,0.95,10,1,24,1000,conditional_on_one_concept,0.0,0.0,0.0,0.0,0.0,0.0,0.446875,0.125,0.8562926136363636,0.125,-0.03759232954545446,0.2875
condition,Dust__block_01__alpha256,alpha,mad_corrected,40,0.95,10,1,24,1000,conditional_on_one_concept,0.0,0.0,0.0,0.0,0.0,0.0,0.446875,0.125,0.8562926136363636,0.1078125,-0.046875,0.32815504807692303
condition,Dust__block_02__alpha128,alpha,mad_corrected,40,0.95,10,1,24,1000,conditional_on_one_concept,0.0,0.0,0.0,0.0,0.0,0.0,0.446875,0.125,0.8562926136363636,0.446875,0.020833333333333332,1.015625
condition,Dust__block_02__alpha256,alpha,mad_corrected,40,0.95,10,1,24,1000,conditional_on_one_concept,0.0,0.0,0.0,0.0,0.0,0.0,0.446875,0.125,0.8562926136363636,0.496875,0.010416666666666666,0.953125
condition,Dust__block_03__alpha128,alpha,mad_corrected,40,0.95,10,1,24,1000,conditional_on_one_concept,0.0,0.0,0.0,0.0,0.0,0.0,0.446875,0.125,0.8562926136363636,0.6375,0.125,1.390625
condition,Dust__block_03__alpha256,alpha,mad_corrected,40,0.95,10,1,24,1000,conditional_on_one_concept,0.0,0.0,0.0,0.0,0.0,0.0,0.446875,0.125,0.8562926136363636,0.6375,0.11453125000000004,1.296875
condition,Dust__block_04__alpha128,alpha,mad_corrected,40,0.95,10,1,24,1000,conditional_on_one_concept,0.0,0.0,0.0,0.0,0.0,0.0,0.446875,0.125,0.8562926136363636,0.30625,0.02046875000000033,0.53125
condition,Dust__block_04__alpha256,alpha,mad_corrected,40,0.95,10,1,24,1000,conditional_on_one_concept,0.0,0.0,0.0,0.0,0.0,0.0,0.446875,0.125,0.8562926136363636,0.3703125,-0.042187499999999524,0.640625
condition,Dust__block_05__alpha128,alpha,mad_corrected,40,0.95,10,1,24,1000,conditional_on_one_concept,0.0,0.0,0.0,0.0,0.0,0.0,0.446875,0.125,0.8562926136363636,0.228125,-0.038567708333333,0.3411754261363636
condition,Dust__block_05__alpha256,alpha,mad_corrected,40,0.95,10,1,24,1000,conditional_on_one_concept,0.0,0.0,0.0,0.075,0.0,0.25,0.446875,0.125,0.8562926136363636,0.2578125,-0.021093749999999762,0.36162946428571424
condition,Dust__block_06__alpha128,alpha,mad_corrected,40,0.95,10,1,24,1000,conditional_on_one_concept,0.0,0.0,0.0,0.175,0.0,0.4547889610389608,0.446875,0.125,0.8562926136363636,0.31875,0.05203125000000005,0.703125
condition,Dust__block_06__alpha256,alpha,mad_corrected,40,0.95,10,1,24,1000,conditional_on_one_concept,0.0,0.0,0.0,0.05,0.0,0.22505681818181814,0.446875,0.125,0.8562926136363636,0.2796875,0.005000000000000189,0.625
condition,Dust__block_07__alpha128,alpha,mad_corrected,40,0.95,10,1,24,1000,conditional_on_one_concept,0.0,0.0,0.0,0.35,0.0,0.5,0.446875,0.125,0.8562926136363636,0.3578125,0.0,0.703125
condition,Dust__block_07__alpha256,alpha,mad_corrected,40,0.95,10,1,24,1000,conditional_on_one_concept,0.0,0.0,0.0,0.125,0.0,0.5,0.446875,0.125,0.8562926136363636,0.3609375,0.010312500000000094,0.703125
condition,Dust__block_08__alpha128,alpha,mad_corrected,40,0.95,10,1,24,1000,conditional_on_one_concept,0.0,0.0,0.0,0.1,-0.2,0.25,0.446875,0.125,0.8562926136363636,0.371875,-0.013839285714285308,0.828125
condition,Dust__block_08__alpha256,alpha,mad_corrected,40,0.95,10,1,24,1000,conditional_on_one_concept,0.0,0.0,0.0,0.0,0.0,0.0,0.446875,0.125,0.8562926136363636,0.3703125,0.05718750000000009,0.859375
condition,Dust__block_09__alpha128,alpha,mad_corrected,40,0.95,10,1,24,1000,conditional_on_one_concept,0.0,0.0,0.0,0.0,0.0,0.0,0.446875,0.125,0.8562926136363636,0.16796875,-0.003616071428571185,0.4296875
condition,Dust__block_09__alpha256,alpha,mad_corrected,40,0.95,10,1,24,1000,conditional_on_one_concept,0.0,0.0,0.0,0.0,0.0,0.0,0.446875,0.125,0.8562926136363636,0.17265625,0.015625,0.4375
condition,Dust__block_10__alpha128,alpha,mad_corrected,40,0.95,10,1,24,1000,conditional_on_one_concept,0.0,0.0,0.0,0.0,0.0,0.0,0.446875,0.125,0.8562926136363636,0.0625,-0.007890624999999929,0.109375
condition,Dust__block_10__alpha256,alpha,mad_corrected,40,0.95,10,1,24,1000,conditional_on_one_concept,0.0,0.0,0.0,0.0,0.0,0.0,0.446875,0.125,0.8562926136363636,0.0609375,-0.005208333333333333,0.09506835937499998
condition,Dust__block_11__alpha128,alpha,mad_corrected,40,0.95,10,1,24,1000,conditional_on_one_concept,0.0,0.0,0.0,0.0,0.0,0.0,0.446875,0.125,0.8562926136363636,0.19453125,-0.04187499999999981,0.359375
condition,Dust__block_11__alpha256,alpha,mad_corrected,40,0.95,10,1,24,1000,conditional_on_one_concept,0.0,0.0,0.0,0.0,0.0,0.0,0.446875,0.125,0.8562926136363636,0.165625,-0.023593749999999858,0.2890625
condition,Dust__block_12__alpha128,alpha,mad_corrected,40,0.95,10,1,24,1000,conditional_on_one_concept,0.0,0.0,0.0,0.0,0.0,0.0,0.446875,0.125,0.8562926136363636,0.1625,0.0546875,0.2585328733766234
condition,Dust__block_12__alpha256,alpha,mad_corrected,40,0.95,10,1,24,1000,conditional_on_one_concept,0.0,0.0,0.0,0.0,0.0,0.0,0.446875,0.125,0.8562926136363636,0.11640625,0.0078125,0.21875
condition,Dust__block_13__alpha128,alpha,mad_corrected,40,0.95,10,1,24,1000,conditional_on_one_concept,0.0,0.0,0.0,0.0,0.0,0.0,0.446875,0.125,0.8562926136363636,0.05078125,-0.005866350446428565,0.1171875
condition,Dust__block_13__alpha256,alpha,mad_corrected,40,0.95,10,1,24,1000,conditional_on_one_concept,0.0,0.0,0.0,0.0,0.0,0.0,0.446875,0.125,0.8562926136363636,0.03828125,0.009360351562500013,0.113287353515625
condition,Illusions__block_00__alpha128,alpha,mad_corrected,40,0.95,10,1,24,1000,conditional_on_one_concept,0.0,0.0,0.0,0.0,0.0,0.0,0.80625,0.020833333333333332,1.3020833333333333,0.030078125,-0.0625,0.302744140625
condition,Illusions__block_00__alpha256,alpha,mad_corrected,40,0.95,10,1,24,1000,conditional_on_one_concept,0.0,0.0,0.0,0.0,0.0,0.0,0.80625,0.020833333333333332,1.3020833333333333,-0.026953125,-0.14460720486111103,0.0625
condition,Illusions__block_01__alpha128,alpha,mad_corrected,40,0.95,10,1,24,1000,conditional_on_one_concept,0.0,0.0,0.0,0.0,0.0,0.0,0.80625,0.020833333333333332,1.3020833333333333,0.3171875,0.0625,0.5703125
condition,Illusions__block_01__alpha256,alpha,mad_corrected,40,0.95,10,1,24,1000,conditional_on_one_concept,0.0,0.0,0.0,0.0,0.0,0.0,0.80625,0.020833333333333332,1.3020833333333333,0.3765625,0.05206473214285716,0.6652678571428571
condition,Illusions__block_02__alpha128,alpha,mad_corrected,40,0.95,10,1,24,1000,conditional_on_one_concept,0.0,0.0,0.0,0.0,0.0,0.0,0.80625,0.020833333333333332,1.3020833333333333,0.28125,0.10052083333333349,0.578231534090909
condition,Illusions__block_02__alpha256,alpha,mad_corrected,40,0.95,10,1,24,1000,conditional_on_one_concept,0.0,0.0,0.0,0.0,0.0,0.0,0.80625,0.020833333333333332,1.3020833333333333,0.31875,0.0859375,0.5909341577540107
condition,Illusions__block_03__alpha128,alpha,mad_corrected,40,0.95,10,1,24,1000,conditional_on_one_concept,0.0,0.0,0.0,0.0,0.0,0.0,0.80625,0.020833333333333332,1.3020833333333333,0.14375,-0.15629340277777773,0.328125
condition,Illusions__block_03__alpha256,alpha,mad_corrected,40,0.95,10,1,24,1000,conditional_on_one_concept,0.0,0.0,0.0,0.0,0.0,0.0,0.80625,0.020833333333333332,1.3020833333333333,0.1546875,-0.031293402777777736,0.33860294117647055
condition,Illusions__block_04__alpha128,alpha,mad_corrected,40,0.95,10,1,24,1000,conditional_on_one_concept,0.0,0.0,0.0,0.0,0.0,0.0,0.80625,0.020833333333333332,1.3020833333333333,0.328125,0.03125,0.7292187499999999
condition,Illusions__block_04__alpha256,alpha,mad_corrected,40,0.95,10,1,24,1000,conditional_on_one_concept,0.0,0.0,0.0,0.0,0.0,0.0,0.80625,0.020833333333333332,1.3020833333333333,0.2890625,-0.09375,0.625
condition,Illusions__block_05__alpha128,alpha,mad_corrected,40,0.95,10,1,24,1000,conditional_on_one_concept,0.0,0.0,0.0,0.0,0.0,0.0,0.80625,0.020833333333333332,1.3020833333333333,0.134375,-0.17714843749999995,0.549797794117647
condition,Illusions__block_05__alpha256,alpha,mad_corrected,40,0.95,10,1,24,1000,conditional_on_one_concept,0.0,0.0,0.0,0.0,0.0,0.0,0.80625,0.020833333333333332,1.3020833333333333,0.1,-0.3376562499999999,0.5157031249999999
condition,Illusions__block_06__alpha128,alpha,mad_corrected,40,0.95,10,1,24,1000,conditional_on_one_concept,0.0,0.0,0.0,0.0,0.0,0.0,0.80625,0.020833333333333332,1.3020833333333333,0.3125,0.10931919642857148,0.6876420454545453
condition,Illusions__block_06__alpha256,alpha,mad_corrected,40,0.95,10,1,24,1000,conditional_on_one_concept,0.0,0.0,0.0,0.0,0.0,0.0,0.80625,0.020833333333333332,1.3020833333333333,0.253125,0.026785714285714284,0.75
condition,Illusions__block_07__alpha128,alpha,mad_corrected,40,0.95,10,1,24,1000,conditional_on_one_concept,0.0,0.0,0.0,0.0,0.0,0.0,0.80625,0.020833333333333332,1.3020833333333333,0.421875,0.1875,0.71875
condition,Illusions__block_07__alpha256,alpha,mad_corrected,40,0.95,10,1,24,1000,conditional_on_one_concept,0.0,0.0,0.0,0.0,0.0,0.0,0.80625,0.020833333333333332,1.3020833333333333,0.459375,0.125,0.74375
condition,Illusions__block_08__alpha128,alpha,mad_corrected,40,0.95,10,1,24,1000,conditional_on_one_concept,0.0,0.0,0.0,0.0,0.0,0.0,0.80625,0.020833333333333332,1.3020833333333333,0.3296875,0.15625,0.5989583333333334
condition,Illusions__block_08__alpha256,alpha,mad_corrected,40,0.95,10,1,24,1000,conditional_on_one_concept,0.0,0.0,0.0,0.0,0.0,0.0,0.80625,0.020833333333333332,1.3020833333333333,0.3203125,0.1433167613636365,0.5391462053571427
condition,Illusions__block_09__alpha128,alpha,mad_corrected,40,0.95,10,1,24,1000,conditional_on_one_concept,0.0,0.0,0.0,0.0,0.0,0.0,0.80625,0.020833333333333332,1.3020833333333333,0.2859375,0.13714192708333336,0.5509676846590907
condition,Illusions__block_09__alpha256,alpha,mad_corrected,40,0.95,10,1,24,1000,conditional_on_one_concept,0.0,0.0,0.0,0.025,0.0,0.21428571428571427,0.80625,0.020833333333333332,1.3020833333333333,0.290625,0.109375,0.4883789062499999
condition,Illusions__block_10__alpha128,alpha,mad_corrected,40,0.95,10,1,24,1000,conditional_on_one_concept,0.0,0.0,0.0,0.075,0.0,0.25,0.80625,0.020833333333333332,1.3020833333333333,0.4328125,0.24973958333333357,0.6511197916666666
condition,Illusions__block_10__alpha256,alpha,mad_corrected,40,0.95,10,1,24,1000,conditional_on_one_concept,0.0,0.0,0.0,0.05,0.0,0.25,0.80625,0.020833333333333332,1.3020833333333333,0.4453125,0.22980925324675333,0.737578125
condition,Illusions__block_11__alpha128,alpha,mad_corrected,40,0.95,10,1,24,1000,conditional_on_one_concept,0.0,0.0,0.0,0.0,0.0,0.0,0.80625,0.020833333333333332,1.3020833333333333,0.653125,0.3645833333333333,0.9375
condition,Illusions__block_11__alpha256,alpha,mad_corrected,40,0.95,10,1,24,1000,conditional_on_one_concept,0.0,0.0,0.0,0.0,0.0,0.0,0.80625,0.020833333333333332,1.3020833333333333,0.7,0.515625,0.975
condition,Illusions__block_12__alpha128,alpha,mad_corrected,40,0.95,10,1,24,1000,conditional_on_one_concept,0.0,0.0,0.0,0.0,0.0,0.0,0.80625,0.020833333333333332,1.3020833333333333,1.2578125,0.8852678571428573,1.7580078124999998
condition,Illusions__block_12__alpha256,alpha,mad_corrected,40,0.95,10,1,24,1000,conditional_on_one_concept,0.0,0.0,0.0,0.0,0.0,0.0,0.80625,0.020833333333333332,1.3020833333333333,0.928125,0.59375,1.5491685267857143
condition,Illusions__block_13__alpha128,alpha,mad_corrected,40,0.95,10,1,24,1000,conditional_on_one_concept,0.0,0.0,0.0,0.075,0.0,0.4,0.80625,0.020833333333333332,1.3020833333333333,0.95,0.37831101190476296,1.453203125
condition,Illusions__block_13__alpha256,alpha,mad_corrected,40,0.95,10,1,24,1000,conditional_on_one_concept,0.0,0.0,0.0,0.025,0.0,0.18781249999999972,0.80625,0.020833333333333332,1.3020833333333333,0.940625,0.4061079545454547,1.44375
condition,Origami__block_00__alpha128,alpha,mad_corrected,40,0.95,10,1,24,1000,conditional_on_one_concept,0.0,0.0,0.0,0.025,0.0,0.20035714285714254,0.775,0.20828125000000006,1.3125,1.1609375,0.3827083333333339,1.96875
condition,Origami__block_00__alpha256,alpha,mad_corrected,40,0.95,10,1,24,1000,conditional_on_one_concept,0.0,0.0,0.0,0.0,0.0,0.0,0.775,0.20828125000000006,1.3125,0.93125,0.08828125000000024,1.9587499999999995
condition,Origami__block_01__alpha128,alpha,mad_corrected,40,0.95,10,1,24,1000,conditional_on_one_concept,0.0,0.0,0.0,0.0,0.0,0.0,0.775,0.20828125000000006,1.3125,-0.05,-0.1375347222222222,0.09375
condition,Origami__block_01__alpha256,alpha,mad_corrected,40,0.95,10,1,24,1000,conditional_on_one_concept,0.0,0.0,0.0,0.0,0.0,0.0,0.775,0.20828125000000006,1.3125,-0.0125,-0.15625,0.15625
condition,Origami__block_02__alpha128,alpha,mad_corrected,40,0.95,10,1,24,1000,conditional_on_one_concept,0.0,0.0,0.0,0.0,0.0,0.0,0.775,0.20828125000000006,1.3125,0.1875,0.0,0.5939062499999999
condition,Origami__block_02__alpha256,alpha,mad_corrected,40,0.95,10,1,24,1000,conditional_on_one_concept,0.0,0.0,0.0,0.0,0.0,0.0,0.775,0.20828125000000006,1.3125,0.121875,-0.09375,0.4375
condition,Origami__block_03__alpha128,alpha,mad_corrected,40,0.95,10,1,24,1000,conditional_on_one_concept,0.0,0.0,0.0,0.0,0.0,0.0,0.775,0.20828125000000006,1.3125,0.290625,0.0,0.5
condition,Origami__block_03__alpha256,alpha,mad_corrected,40,0.95,10,1,24,1000,conditional_on_one_concept,0.0,0.0,0.0,0.0,0.0,0.0,0.775,0.20828125000000006,1.3125,0.3375,0.11712239583333339,0.6642578124999998
condition,Origami__block_04__alpha128,alpha,mad_corrected,40,0.95,10,1,24,1000,conditional_on_one_concept,0.0,0.0,0.0,0.0,0.0,0.0,0.775,0.20828125000000006,1.3125,0.3125,-0.03125,0.6015625
condition,Origami__block_04__alpha256,alpha,mad_corrected,40,0.95,10,1,24,1000,conditional_on_one_concept,0.0,0.0,0.0,0.0,0.0,0.0,0.775,0.20828125000000006,1.3125,0.284375,-0.004526289682539626,0.6313068181818181
condition,Origami__block_05__alpha128,alpha,mad_corrected,40,0.95,10,1,24,1000,conditional_on_one_concept,0.0,0.0,0.0,0.0,0.0,0.0,0.775,0.20828125000000006,1.3125,0.390625,0.08653273809523834,0.78125
condition,Origami__block_05__alpha256,alpha,mad_corrected,40,0.95,10,1,24,1000,conditional_on_one_concept,0.0,0.0,0.0,0.025,0.0,0.2,0.775,0.20828125000000006,1.3125,0.315625,0.09818948412698415,0.625
condition,Origami__block_06__alpha128,alpha,mad_corrected,40,0.95,10,1,24,1000,conditional_on_one_concept,0.0,0.0,0.0,0.0,0.0,0.0,0.775,0.20828125000000006,1.3125,0.2875,0.11453125000000004,0.5423161764705882
condition,Origami__block_06__alpha256,alpha,mad_corrected,40,0.95,10,1,24,1000,conditional_on_one_concept,0.0,0.0,0.0,0.025,-0.15009615384615374,0.25,0.775,0.20828125000000006,1.3125,0.2125,0.034635416666666745,0.4148813502673796
condition,Origami__block_07__alpha128,alpha,mad_corrected,40,0.95,10,1,24,1000,conditional_on_one_concept,0.0,0.0,0.0,0.0,0.0,0.0,0.775,0.20828125000000006,1.3125,0.009375,-0.27509615384615377,0.21097656249999996
condition,Origami__block_07__alpha256,alpha,mad_corrected,40,0.95,10,1,24,1000,conditional_on_one_concept,0.0,0.0,0.0,0.0,0.0,0.0,0.775,0.20828125000000006,1.3125,0.01875,-0.40063701923076867,0.28140624999999986
condition,Origami__block_08__alpha128,alpha,mad_corrected,40,0.95,10,1,24,1000,conditional_on_one_concept,0.0,0.0,0.0,0.0,0.0,0.0,0.775,0.20828125000000006,1.3125,0.4375,0.08072115384615433,0.61875
condition,Origami__block_08__alpha256,alpha,mad_corrected,40,0.95,10,1,24,1000,conditional_on_one_concept,0.0,0.0,0.0,0.0,0.0,0.0,0.775,0.20828125000000006,1.3125,0.5,0.0930889423076929,0.6875
condition,Origami__block_09__alpha128,alpha,mad_corrected,40,0.95,10,1,24,1000,conditional_on_one_concept,0.0,0.0,0.0,0.0,0.0,0.0,0.775,0.20828125000000006,1.3125,0.3,0.07588131157635468,0.5437926136363636
condition,Origami__block_09__alpha256,alpha,mad_corrected,40,0.95,10,1,24,1000,conditional_on_one_concept,0.0,0.0,0.0,0.025,0.0,0.2144841269841268,0.775,0.20828125000000006,1.3125,0.234375,0.04362132352941188,0.4437673611111111
condition,Origami__block_10__alpha128,alpha,mad_corrected,40,0.95,10,1,24,1000,conditional_on_one_concept,0.0,0.0,0.0,0.0,0.0,0.0,0.775,0.20828125000000006,1.3125,0.2875,0.015546875000000071,0.5157031249999999
condition,Origami__block_10__alpha256,alpha,mad_corrected,40,0.95,10,1,24,1000,conditional_on_one_concept,0.0,0.0,0.0,0.0,0.0,0.0,0.775,0.20828125000000006,1.3125,0.21875,0.06816998106060607,0.3706473214285713
condition,Origami__block_11__alpha128,alpha,mad_corrected,40,0.95,10,1,24,1000,conditional_on_one_concept,0.0,0.0,0.0,0.0,0.0,0.0,0.775,0.20828125000000006,1.3125,0.321875,0.08924107142857148,0.546875
condition,Origami__block_11__alpha256,alpha,mad_corrected,40,0.95,10,1,24,1000,conditional_on_one_concept,0.0,0.0,0.0,0.0,0.0,0.0,0.775,0.20828125000000006,1.3125,0.21875,0.020781250000000046,0.43765624999999986
condition,Origami__block_12__alpha128,alpha,mad_corrected,40,0.95,10,1,24,1000,conditional_on_one_concept,0.0,0.0,0.0,0.0,0.0,0.0,0.775,0.20828125000000006,1.3125,0.68125,0.3201171875000002,1.0158203124999998
condition,Origami__block_12__alpha256,alpha,mad_corrected,40,0.95,10,1,24,1000,conditional_on_one_concept,0.0,0.0,0.0,0.0,0.0,0.0,0.775,0.20828125000000006,1.3125,0.621875,0.2625,1.0209201388888887
condition,Origami__block_13__alpha128,alpha,mad_corrected,40,0.95,10,1,24,1000,conditional_on_one_concept,0.0,0.0,0.0,0.0,0.0,0.0,0.775,0.20828125000000006,1.3125,0.771875,0.3874479166666667,1.0688169642857144
condition,Origami__block_13__alpha256,alpha,mad_corrected,40,0.95,10,1,24,1000,conditional_on_one_concept,0.0,0.0,0.0,0.075,0.0,0.25,0.775,0.20828125000000006,1.3125,0.8,0.4186979166666667,1.1384486607142856
condition,Satellites__block_00__alpha128,alpha,mad_corrected,40,0.95,10,1,24,1000,conditional_on_one_concept,0.0,0.0,0.0,-0.025,-0.25,0.1875,0.00625,-0.671875,0.7477272727272722,-0.328125,-1.3001171875,0.090625
condition,Satellites__block_00__alpha256,alpha,mad_corrected,40,0.95,10,1,24,1000,conditional_on_one_concept,0.0,0.0,0.0,0.025,-0.17329545454545434,0.375,0.00625,-0.671875,0.7477272727272722,-0.4078125,-1.78125,0.065625
condition,Satellites__block_01__alpha128,alpha,mad_corrected,40,0.95,10,1,24,1000,conditional_on_one_concept,0.0,0.0,0.0,0.0,0.0,0.0,0.00625,-0.671875,0.7477272727272722,0.046875,-0.15625,0.31265624999999986
condition,Satellites__block_01__alpha256,alpha,mad_corrected,40,0.95,10,1,24,1000,conditional_on_one_concept,0.0,0.0,0.0,0.0,0.0,0.0,0.00625,-0.671875,0.7477272727272722,0.03125,-0.125,0.23674665178571416
condition,Satellites__block_02__alpha128,alpha,mad_corrected,40,0.95,10,1,24,1000,conditional_on_one_concept,0.0,0.0,0.0,0.0,0.0,0.0,0.00625,-0.671875,0.7477272727272722,0.01875,-0.3021874999999999,0.39070312499999993
condition,Satellites__block_02__alpha256,alpha,mad_corrected,40,0.95,10,1,24,1000,conditional_on_one_concept,0.0,0.0,0.0,0.0,0.0,0.0,0.00625,-0.671875,0.7477272727272722,0.040625,-0.1915246212121207,0.23445312499999993
condition,Satellites__block_03__alpha128,alpha,mad_corrected,40,0.95,10,1,24,1000,conditional_on_one_concept,0.0,0.0,0.0,0.0,0.0,0.0,0.00625,-0.671875,0.7477272727272722,-0.053125,-0.3178013392857142,0.25
condition,Satellites__block_03__alpha256,alpha,mad_corrected,40,0.95,10,1,24,1000,conditional_on_one_concept,0.0,0.0,0.0,0.0,0.0,0.0,0.00625,-0.671875,0.7477272727272722,-0.078125,-0.3020833333333333,0.08333333333333333
condition,Satellites__block_04__alpha128,alpha,mad_corrected,40,0.95,10,1,24,1000,conditional_on_one_concept,0.0,0.0,0.0,0.0,0.0,0.0,0.00625,-0.671875,0.7477272727272722,-0.15,-0.4895833333333333,0.5
condition,Satellites__block_04__alpha256,alpha,mad_corrected,40,0.95,10,1,24,1000,conditional_on_one_concept,0.0,0.0,0.0,0.0,0.0,0.0,0.00625,-0.671875,0.7477272727272722,-0.1984375,-0.5208984375,0.265625
condition,Satellites__block_05__alpha128,alpha,mad_corrected,40,0.95,10,1,24,1000,conditional_on_one_concept,0.0,0.0,0.0,0.0,0.0,0.0,0.00625,-0.671875,0.7477272727272722,-0.115625,-0.4063920454545453,0.10582386363636359
condition,Satellites__block_05__alpha256,alpha,mad_corrected,40,0.95,10,1,24,1000,conditional_on_one_concept,0.0,0.0,0.0,0.0,0.0,0.0,0.00625,-0.671875,0.7477272727272722,-0.1,-0.375,0.1683238636363636
condition,Satellites__block_06__alpha128,alpha,mad_corrected,40,0.95,10,1,24,1000,conditional_on_one_concept,0.0,0.0,0.0,0.0,0.0,0.0,0.00625,-0.671875,0.7477272727272722,-0.009375,-0.25,0.3375852272727272
condition,Satellites__block_06__alpha256,alpha,mad_corrected,40,0.95,10,1,24,1000,conditional_on_one_concept,0.0,0.0,0.0,0.0,0.0,0.0,0.00625,-0.671875,0.7477272727272722,-0.0375,-0.31700892857142854,0.316994724025974
condition,Satellites__block_07__alpha128,alpha,mad_corrected,40,0.95,10,1,24,1000,conditional_on_one_concept,0.0,0.0,0.0,0.0,0.0,0.0,0.00625,-0.671875,0.7477272727272722,0.034375,-0.12223011363636357,0.3074218749999999
condition,Satellites__block_07__alpha256,alpha,mad_corrected,40,0.95,10,1,24,1000,conditional_on_one_concept,0.0,0.0,0.0,0.0,0.0,0.0,0.00625,-0.671875,0.7477272727272722,0.071875,-0.15625,0.296875
condition,Satellites__block_08__alpha128,alpha,mad_corrected,40,0.95,10,1,24,1000,conditional_on_one_concept,0.0,0.0,0.0,0.0,0.0,0.0,0.00625,-0.671875,0.7477272727272722,0.165625,-0.0625,0.5
condition,Satellites__block_08__alpha256,alpha,mad_corrected,40,0.95,10,1,24,1000,conditional_on_one_concept,0.0,0.0,0.0,0.0,0.0,0.0,0.00625,-0.671875,0.7477272727272722,0.171875,-0.09955018939393928,0.46875
condition,Satellites__block_09__alpha128,alpha,mad_corrected,40,0.95,10,1,24,1000,conditional_on_one_concept,0.0,0.0,0.0,0.0,0.0,0.0,0.00625,-0.671875,0.7477272727272722,0.19375,-0.03125,0.40625
condition,Satellites__block_09__alpha256,alpha,mad_corrected,40,0.95,10,1,24,1000,conditional_on_one_concept,0.0,0.0,0.0,0.0,0.0,0.0,0.00625,-0.671875,0.7477272727272722,0.15625,-0.03125,0.3333333333333333
condition,Satellites__block_10__alpha128,alpha,mad_corrected,40,0.95,10,1,24,1000,conditional_on_one_concept,0.0,0.0,0.0,0.0,0.0,0.0,0.00625,-0.671875,0.7477272727272722,-0.0046875,-0.40625,0.3385799632352941
condition,Satellites__block_10__alpha256,alpha,mad_corrected,40,0.95,10,1,24,1000,conditional_on_one_concept,0.0,0.0,0.0,0.0,0.0,0.0,0.00625,-0.671875,0.7477272727272722,-0.0140625,-0.46651785714285715,0.3283735795454543
condition,Satellites__block_11__alpha128,alpha,mad_corrected,40,0.95,10,1,24,1000,conditional_on_one_concept,0.0,0.0,0.0,0.0,0.0,0.0,0.00625,-0.671875,0.7477272727272722,0.01875,-0.49507812499999976,0.35943080357142854
condition,Satellites__block_11__alpha256,alpha,mad_corrected,40,0.95,10,1,24,1000,conditional_on_one_concept,0.0,0.0,0.0,0.0,0.0,0.0,0.00625,-0.671875,0.7477272727272722,-0.0375,-0.5119466145833331,0.33624441964285684
condition,Satellites__block_12__alpha128,alpha,mad_corrected,40,0.95,10,1,24,1000,conditional_on_one_concept,0.0,0.0,0.0,-0.025,-0.25,0.25,0.00625,-0.671875,0.7477272727272722,-0.121875,-0.59375,0.1875
condition,Satellites__block_12__alpha256,alpha,mad_corrected,40,0.95,10,1,24,1000,conditional_on_one_concept,0.0,0.0,0.0,-0.05,-0.3754166666666663,0.20396825396825372,0.00625,-0.671875,0.7477272727272722,-0.15625,-0.6460937499999998,0.1875
condition,Satellites__block_13__alpha128,alpha,mad_corrected,40,0.95,10,1,24,1000,conditional_on_one_concept,0.0,0.0,0.0,0.05,-0.375,0.40390624999999997,0.00625,-0.671875,0.7477272727272722,-0.096875,-0.6671874999999995,0.203125
condition,Satellites__block_13__alpha256,alpha,mad_corrected,40,0.95,10,1,24,1000,conditional_on_one_concept,0.0,0.0,0.0,0.025,0.0,0.2,0.00625,-0.671875,0.7477272727272722,-0.1140625,-0.625,0.17070312499999998
condition,Trumpets__block_00__alpha128,alpha,mad_corrected,40,0.95,10,1,24,1000,conditional_on_one_concept,0.0,0.0,0.0,0.0,0.0,0.0,0.421875,-0.05742187499999988,1.2398437499999997,-0.0078125,-0.0404892958603896,0.0234375
condition,Trumpets__block_00__alpha256,alpha,mad_corrected,40,0.95,10,1,24,1000,conditional_on_one_concept,0.0,0.0,0.0,0.0,0.0,0.0,0.421875,-0.05742187499999988,1.2398437499999997,-0.009375,-0.055329241071428496,0.060249885110294076
condition,Trumpets__block_01__alpha128,alpha,mad_corrected,40,0.95,10,1,24,1000,conditional_on_one_concept,0.0,0.0,0.0,0.0,0.0,0.0,0.421875,-0.05742187499999988,1.2398437499999997,0.0109375,-0.612105948464912,0.6572656249999991
condition,Trumpets__block_01__alpha256,alpha,mad_corrected,40,0.95,10,1,24,1000,conditional_on_one_concept,0.0,0.0,0.0,0.0,0.0,0.0,0.421875,-0.05742187499999988,1.2398437499999997,0.2453125,-0.7710336538461537,1.2263997395833326
condition,Trumpets__block_02__alpha128,alpha,mad_corrected,40,0.95,10,1,24,1000,conditional_on_one_concept,0.0,0.0,0.0,0.0,0.0,0.0,0.421875,-0.05742187499999988,1.2398437499999997,0.203125,-0.29515224358974357,0.8125
condition,Trumpets__block_02__alpha256,alpha,mad_corrected,40,0.95,10,1,24,1000,conditional_on_one_concept,0.0,0.0,0.0,0.0,0.0,0.0,0.421875,-0.05742187499999988,1.2398437499999997,0.259375,-0.28753906249999994,0.875
condition,Trumpets__block_03__alpha128,alpha,mad_corrected,40,0.95,10,1,24,1000,conditional_on_one_concept,0.0,0.0,0.0,0.0,0.0,0.0,0.421875,-0.05742187499999988,1.2398437499999997,0.3546875,-0.5711348684210523,1.1503906249999996
condition,Trumpets__block_03__alpha256,alpha,mad_corrected,40,0.95,10,1,24,1000,conditional_on_one_concept,0.0,0.0,0.0,0.0,0.0,0.0,0.421875,-0.05742187499999988,1.2398437499999997,0.171875,-0.4219970703124999,0.6407226562499999
condition,Trumpets__block_04__alpha128,alpha,mad_corrected,40,0.95,10,1,24,1000,conditional_on_one_concept,0.0,0.0,0.0,0.0,0.0,0.0,0.421875,-0.05742187499999988,1.2398437499999997,0.1890625,-0.40024305555555534,0.609375
condition,Trumpets__block_04__alpha256,alpha,mad_corrected,40,0.95,10,1,24,1000,conditional_on_one_concept,0.0,0.0,0.0,0.0,0.0,0.0,0.421875,-0.05742187499999988,1.2398437499999997,0.2015625,-0.24137198464912277,0.46875
condition,Trumpets__block_05__alpha128,alpha,mad_corrected,40,0.95,10,1,24,1000,conditional_on_one_concept,0.0,0.0,0.0,0.0,0.0,0.0,0.421875,-0.05742187499999988,1.2398437499999997,0.09375,-0.49765624999999997,0.625
condition,Trumpets__block_05__alpha256,alpha,mad_corrected,40,0.95,10,1,24,1000,conditional_on_one_concept,0.0,0.0,0.0,0.0,0.0,0.0,0.421875,-0.05742187499999988,1.2398437499999997,0.0859375,-0.4375520833333333,0.5781808035714285
condition,Trumpets__block_06__alpha128,alpha,mad_corrected,40,0.95,10,1,24,1000,conditional_on_one_concept,0.0,0.0,0.0,0.0,0.0,0.0,0.421875,-0.05742187499999988,1.2398437499999997,0.021875,-0.26791622899159656,0.1920479910714285
condition,Trumpets__block_06__alpha256,alpha,mad_corrected,40,0.95,10,1,24,1000,conditional_on_one_concept,0.0,0.0,0.0,0.0,0.0,0.0,0.421875,-0.05742187499999988,1.2398437499999997,-0.0046875,-0.2055540966386553,0.1875
condition,Trumpets__block_07__alpha128,alpha,mad_corrected,40,0.95,10,1,24,1000,conditional_on_one_concept,0.0,0.0,0.0,0.0,0.0,0.0,0.421875,-0.05742187499999988,1.2398437499999997,-0.1046875,-0.3668045343137254,0.328125
condition,Trumpets__block_07__alpha256,alpha,mad_corrected,40,0.95,10,1,24,1000,conditional_on_one_concept,0.0,0.0,0.0,0.0,0.0,0.0,0.421875,-0.05742187499999988,1.2398437499999997,0.1125,-0.3210069444444444,0.546875
condition,Trumpets__block_08__alpha128,alpha,mad_corrected,40,0.95,10,1,24,1000,conditional_on_one_concept,0.0,0.0,0.0,0.0,0.0,0.0,0.421875,-0.05742187499999988,1.2398437499999997,-0.0046875,-0.1585825892857142,0.18753551136363633
condition,Trumpets__block_08__alpha256,alpha,mad_corrected,40,0.95,10,1,24,1000,conditional_on_one_concept,0.0,0.0,0.0,0.0,0.0,0.0,0.421875,-0.05742187499999988,1.2398437499999997,0.09375,-0.21773437499999998,0.3125
condition,Trumpets__block_09__alpha128,alpha,mad_corrected,40,0.95,10,1,24,1000,conditional_on_one_concept,0.0,0.0,0.0,0.0,0.0,0.0,0.421875,-0.05742187499999988,1.2398437499999997,-0.04375,-0.26451516544117604,0.09386160714285705
condition,Trumpets__block_09__alpha256,alpha,mad_corrected,40,0.95,10,1,24,1000,conditional_on_one_concept,0.0,0.0,0.0,0.0,0.0,0.0,0.421875,-0.05742187499999988,1.2398437499999997,-0.01015625,-0.36289062499999997,0.2265625
condition,Trumpets__block_10__alpha128,alpha,mad_corrected,40,0.95,10,1,24,1000,conditional_on_one_concept,0.0,0.0,0.0,0.0,0.0,0.0,0.421875,-0.05742187499999988,1.2398437499999997,0.1625,-0.11383928571428571,0.5547526041666666
condition,Trumpets__block_10__alpha256,alpha,mad_corrected,40,0.95,10,1,24,1000,conditional_on_one_concept,0.0,0.0,0.0,0.0,0.0,0.0,0.421875,-0.05742187499999988,1.2398437499999997,0.140625,-0.20052584134615384,0.4923567708333332
condition,Trumpets__block_11__alpha128,alpha,mad_corrected,40,0.95,10,1,24,1000,conditional_on_one_concept,0.0,0.0,0.0,0.125,-0.16666666666666666,0.41696428571428545,0.421875,-0.05742187499999988,1.2398437499999997,0.4703125,-0.3961457527089783,1.3673828124999998
condition,Trumpets__block_11__alpha256,alpha,mad_corrected,40,0.95,10,1,24,1000,conditional_on_one_concept,0.0,0.0,0.0,0.0,0.0,0.0,0.421875,-0.05742187499999988,1.2398437499999997,0.440625,-0.36540126741486045,1.2352884163533835
condition,Trumpets__block_12__alpha128,alpha,mad_corrected,40,0.95,10,1,24,1000,conditional_on_one_concept,0.0,0.0,0.0,0.0,0.0,0.0,0.421875,-0.05742187499999988,1.2398437499999997,0.31875,-0.125,1.0314062499999999
condition,Trumpets__block_12__alpha256,alpha,mad_corrected,40,0.95,10,1,24,1000,conditional_on_one_concept,0.0,0.0,0.0,0.025,0.0,0.1875,0.421875,-0.05742187499999988,1.2398437499999997,0.296875,-0.3203125,1.09375
condition,Trumpets__block_13__alpha128,alpha,mad_corrected,40,0.95,10,1,24,1000,conditional_on_one_concept,0.0,0.0,0.0,0.125,0.0,0.5,0.421875,-0.05742187499999988,1.2398437499999997,0.3625,-0.29065104166666667,1.2550480769230767
condition,Trumpets__block_13__alpha256,alpha,mad_corrected,40,0.95,10,1,24,1000,conditional_on_one_concept,0.0,0.0,0.0,0.025,-0.33437499999999903,0.25,0.421875,-0.05742187499999988,1.2398437499999997,0.309375,-0.23876420454545444,1.07091796875
condition,appreciation__block_00__alpha128,alpha,mad_corrected,40,0.95,10,1,24,1000,conditional_on_one_concept,0.0,0.0,0.0,-0.025,-0.25,0.20035714285714254,0.3875,0.06875,0.8127604166666664,-0.03125,-0.1875,0.20703125
condition,appreciation__block_00__alpha256,alpha,mad_corrected,40,0.95,10,1,24,1000,conditional_on_one_concept,0.0,0.0,0.0,-0.025,-0.20833333333333334,0.0,0.3875,0.06875,0.8127604166666664,-0.00625,-0.25,0.29296875
condition,appreciation__block_01__alpha128,alpha,mad_corrected,40,0.95,10,1,24,1000,conditional_on_one_concept,0.0,0.0,0.0,0.0,0.0,0.0,0.3875,0.06875,0.8127604166666664,0.09375,-0.0750223214285714,0.375
condition,appreciation__block_01__alpha256,alpha,mad_corrected,40,0.95,10,1,24,1000,conditional_on_one_concept,0.0,0.0,0.0,0.0,0.0,0.0,0.3875,0.06875,0.8127604166666664,0.13125,-0.07820312499999993,0.3125
condition,appreciation__block_02__alpha128,alpha,mad_corrected,40,0.95,10,1,24,1000,conditional_on_one_concept,0.0,0.0,0.0,0.0,0.0,0.0,0.3875,0.06875,0.8127604166666664,0.09375,-0.16613212719298245,0.4611328124999998
condition,appreciation__block_02__alpha256,alpha,mad_corrected,40,0.95,10,1,24,1000,conditional_on_one_concept,0.0,0.0,0.0,0.0,0.0,0.0,0.3875,0.06875,0.8127604166666664,0.15625,-0.14592013888888883,0.5104910714285713
condition,appreciation__block_03__alpha128,alpha,mad_corrected,40,0.95,10,1,24,1000,conditional_on_one_concept,0.0,0.0,0.0,0.0,0.0,0.0,0.3875,0.06875,0.8127604166666664,-0.1125,-0.32423828125,0.234375
condition,appreciation__block_03__alpha256,alpha,mad_corrected,40,0.95,10,1,24,1000,conditional_on_one_concept,0.0,0.0,0.0,0.0,0.0,0.0,0.3875,0.06875,0.8127604166666664,-0.11875,-0.3021874999999999,0.2917968749999999
condition,appreciation__block_04__alpha128,alpha,mad_corrected,40,0.95,10,1,24,1000,conditional_on_one_concept,0.0,0.0,0.0,0.0,0.0,0.0,0.3875,0.06875,0.8127604166666664,-0.109375,-0.31885416666666655,0.21875
condition,appreciation__block_04__alpha256,alpha,mad_corrected,40,0.95,10,1,24,1000,conditional_on_one_concept,0.0,0.0,0.0,0.0,0.0,0.0,0.3875,0.06875,0.8127604166666664,-0.059375,-0.3229166666666667,0.32851562499999964
condition,appreciation__block_05__alpha128,alpha,mad_corrected,40,0.95,10,1,24,1000,conditional_on_one_concept,0.0,0.0,0.0,0.0,0.0,0.0,0.3875,0.06875,0.8127604166666664,0.075,-0.1875,0.5299252717391304
condition,appreciation__block_05__alpha256,alpha,mad_corrected,40,0.95,10,1,24,1000,conditional_on_one_concept,0.0,0.0,0.0,0.0,0.0,0.0,0.3875,0.06875,0.8127604166666664,0.04375,-0.20837053571428568,0.4750815217391303
condition,appreciation__block_06__alpha128,alpha,mad_corrected,40,0.95,10,1,24,1000,conditional_on_one_concept,0.0,0.0,0.0,0.0,0.0,0.0,0.3875,0.06875,0.8127604166666664,0.225,-0.24207589285714196,0.6642578124999998
condition,appreciation__block_06__alpha256,alpha,mad_corrected,40,0.95,10,1,24,1000,conditional_on_one_concept,0.0,0.0,0.0,0.0,0.0,0.0,0.3875,0.06875,0.8127604166666664,0.240625,-0.29296874999999883,0.71875
condition,appreciation__block_07__alpha128,alpha,mad_corrected,40,0.95,10,1,24,1000,conditional_on_one_concept,0.0,0.0,0.0,0.0,0.0,0.0,0.3875,0.06875,0.8127604166666664,-0.059375,-0.5625,0.45640624999999985
condition,appreciation__block_07__alpha256,alpha,mad_corrected,40,0.95,10,1,24,1000,conditional_on_one_concept,0.0,0.0,0.0,0.0,0.0,0.0,0.3875,0.06875,0.8127604166666664,-0.10625,-0.5625,0.42857142857142855
condition,appreciation__block_08__alpha128,alpha,mad_corrected,40,0.95,10,1,24,1000,conditional_on_one_concept,0.0,0.0,0.0,0.0,0.0,0.0,0.3875,0.06875,0.8127604166666664,-0.15625,-0.5625,0.18303571428571427
condition,appreciation__block_08__alpha256,alpha,mad_corrected,40,0.95,10,1,24,1000,conditional_on_one_concept,0.0,0.0,0.0,0.0,0.0,0.0,0.3875,0.06875,0.8127604166666664,-0.15625,-0.5625,0.20015624999999987
condition,appreciation__block_09__alpha128,alpha,mad_corrected,40,0.95,10,1,24,1000,conditional_on_one_concept,0.0,0.0,0.0,0.0,0.0,0.0,0.3875,0.06875,0.8127604166666664,-0.046875,-0.3790039062499999,0.3645833333333333
condition,appreciation__block_09__alpha256,alpha,mad_corrected,40,0.95,10,1,24,1000,conditional_on_one_concept,0.0,0.0,0.0,0.0,0.0,0.0,0.3875,0.06875,0.8127604166666664,-0.0875,-0.375,0.19791666666666666
condition,appreciation__block_10__alpha128,alpha,mad_corrected,40,0.95,10,1,24,1000,conditional_on_one_concept,0.0,0.0,0.0,0.0,0.0,0.0,0.3875,0.06875,0.8127604166666664,-0.0453125,-0.44385416666666655,0.50625
condition,appreciation__block_10__alpha256,alpha,mad_corrected,40,0.95,10,1,24,1000,conditional_on_one_concept,0.0,0.0,0.0,0.0,0.0,0.0,0.3875,0.06875,0.8127604166666664,-0.08125,-0.5430230034722222,0.4585069444444443
condition,appreciation__block_11__alpha128,alpha,mad_corrected,40,0.95,10,1,24,1000,conditional_on_one_concept,0.0,0.0,0.0,0.0,0.0,0.0,0.3875,0.06875,0.8127604166666664,0.128125,-0.14069393382352935,0.4563020833333333
condition,appreciation__block_11__alpha256,alpha,mad_corrected,40,0.95,10,1,24,1000,conditional_on_one_concept,0.0,0.0,0.0,0.0,0.0,0.0,0.3875,0.06875,0.8127604166666664,0.03125,-0.22929687499999987,0.29703124999999986
condition,appreciation__block_12__alpha128,alpha,mad_corrected,40,0.95,10,1,24,1000,conditional_on_one_concept,0.0,0.0,0.0,0.05,-0.4,0.43767361111111097,0.3875,0.06875,0.8127604166666664,0.046875,-0.1875,0.3125976562499999
condition,appreciation__block_12__alpha256,alpha,mad_corrected,40,0.95,10,1,24,1000,conditional_on_one_concept,0.0,0.0,0.0,0.125,-0.20035714285714254,0.4651785714285706,0.3875,0.06875,0.8127604166666664,0.0234375,-0.125,0.2229326923076923
condition,appreciation__block_13__alpha128,alpha,mad_corrected,40,0.95,10,1,24,1000,conditional_on_one_concept,0.0,0.0,0.0,0.0,0.0,0.0,0.3875,0.06875,0.8127604166666664,0.1125,-0.0625,0.34375
condition,appreciation__block_13__alpha256,alpha,mad_corrected,40,0.95,10,1,24,1000,conditional_on_one_concept,0.0,0.0,0.0,0.0,0.0,0.0,0.3875,0.06875,0.8127604166666664,0.103125,-0.21113281249999982,0.46565104166666665
condition,betrayal__block_00__alpha128,alpha,mad_corrected,40,0.95,10,1,24,1000,conditional_on_one_concept,0.0,0.0,0.0,0.0,0.0,0.0,0.61875,0.030937500000000284,1.035722870879121,-0.0015625,-0.1310897435897436,0.1328125
condition,betrayal__block_00__alpha256,alpha,mad_corrected,40,0.95,10,1,24,1000,conditional_on_one_concept,0.0,0.0,0.0,0.0,0.0,0.0,0.61875,0.030937500000000284,1.035722870879121,0.03125,-0.024747721354166658,0.1142578125
condition,betrayal__block_01__alpha128,alpha,mad_corrected,40,0.95,10,1,24,1000,conditional_on_one_concept,0.0,0.0,0.0,0.0,0.0,0.0,0.61875,0.030937500000000284,1.035722870879121,0.125,-0.09375,0.45625
condition,betrayal__block_01__alpha256,alpha,mad_corrected,40,0.95,10,1,24,1000,conditional_on_one_concept,0.0,0.0,0.0,0.0,0.0,0.0,0.61875,0.030937500000000284,1.035722870879121,0.178125,-0.14319196428571399,0.5
condition,betrayal__block_02__alpha128,alpha,mad_corrected,40,0.95,10,1,24,1000,conditional_on_one_concept,0.0,0.0,0.0,0.0,0.0,0.0,0.61875,0.030937500000000284,1.035722870879121,0.04375,-0.2031901041666666,0.5
condition,betrayal__block_02__alpha256,alpha,mad_corrected,40,0.95,10,1,24,1000,conditional_on_one_concept,0.0,0.0,0.0,0.0,0.0,0.0,0.61875,0.030937500000000284,1.035722870879121,0.05,-0.078125,0.375
condition,betrayal__block_03__alpha128,alpha,mad_corrected,40,0.95,10,1,24,1000,conditional_on_one_concept,0.0,0.0,0.0,0.0,0.0,0.0,0.61875,0.030937500000000284,1.035722870879121,0.025,-0.31773437499999996,0.4375
condition,betrayal__block_03__alpha256,alpha,mad_corrected,40,0.95,10,1,24,1000,conditional_on_one_concept,0.0,0.0,0.0,0.0,0.0,0.0,0.61875,0.030937500000000284,1.035722870879121,-0.028125,-0.265625,0.375
condition,betrayal__block_04__alpha128,alpha,mad_corrected,40,0.95,10,1,24,1000,conditional_on_one_concept,0.0,0.0,0.0,0.0,0.0,0.0,0.61875,0.030937500000000284,1.035722870879121,0.153125,-0.22823660714285662,0.52505859375
condition,betrayal__block_04__alpha256,alpha,mad_corrected,40,0.95,10,1,24,1000,conditional_on_one_concept,0.0,0.0,0.0,0.0,0.0,0.0,0.61875,0.030937500000000284,1.035722870879121,0.1625,-0.21082589285714196,0.5284090909090909
condition,betrayal__block_05__alpha128,alpha,mad_corrected,40,0.95,10,1,24,1000,conditional_on_one_concept,0.0,0.0,0.0,0.0,0.0,0.0,0.61875,0.030937500000000284,1.035722870879121,0.21875,-0.2151785714285706,0.571200284090909
condition,betrayal__block_05__alpha256,alpha,mad_corrected,40,0.95,10,1,24,1000,conditional_on_one_concept,0.0,0.0,0.0,0.0,0.0,0.0,0.61875,0.030937500000000284,1.035722870879121,0.184375,-0.3409598214285699,0.625
condition,betrayal__block_06__alpha128,alpha,mad_corrected,40,0.95,10,1,24,1000,conditional_on_one_concept,0.0,0.0,0.0,0.0,0.0,0.0,0.61875,0.030937500000000284,1.035722870879121,0.34375,-0.13343749999999802,0.9375
condition,betrayal__block_06__alpha256,alpha,mad_corrected,40,0.95,10,1,24,1000,conditional_on_one_concept,0.0,0.0,0.0,0.0,0.0,0.0,0.61875,0.030937500000000284,1.035722870879121,0.31875,-0.258437499999998,0.84375
condition,betrayal__block_07__alpha128,alpha,mad_corrected,40,0.95,10,1,24,1000,conditional_on_one_concept,0.0,0.0,0.0,0.0,0.0,0.0,0.61875,0.030937500000000284,1.035722870879121,0.2125,-0.11890624999999985,0.53125
condition,betrayal__block_07__alpha256,alpha,mad_corrected,40,0.95,10,1,24,1000,conditional_on_one_concept,0.0,0.0,0.0,0.0,0.0,0.0,0.61875,0.030937500000000284,1.035722870879121,0.203125,-0.16921874999999958,0.53125
condition,betrayal__block_08__alpha128,alpha,mad_corrected,40,0.95,10,1,24,1000,conditional_on_one_concept,0.0,0.0,0.0,0.0,0.0,0.0,0.61875,0.030937500000000284,1.035722870879121,0.175,-0.125,0.6042968749999998
condition,betrayal__block_08__alpha256,alpha,mad_corrected,40,0.95,10,1,24,1000,conditional_on_one_concept,0.0,0.0,0.0,0.0,0.0,0.0,0.61875,0.030937500000000284,1.035722870879121,0.18125,-0.15625,0.6146484375
condition,betrayal__block_09__alpha128,alpha,mad_corrected,40,0.95,10,1,24,1000,conditional_on_one_concept,0.0,0.0,0.0,0.0,0.0,0.0,0.61875,0.030937500000000284,1.035722870879121,0.521875,0.0625,1.28125
condition,betrayal__block_09__alpha256,alpha,mad_corrected,40,0.95,10,1,24,1000,conditional_on_one_concept,0.0,0.0,0.0,0.0,0.0,0.0,0.61875,0.030937500000000284,1.035722870879121,0.546875,0.09375,1.28125
condition,betrayal__block_10__alpha128,alpha,mad_corrected,40,0.95,10,1,24,1000,conditional_on_one_concept,0.0,0.0,0.0,0.0,0.0,0.0,0.61875,0.030937500000000284,1.035722870879121,0.665625,0.11783854166666687,1.375
condition,betrayal__block_10__alpha256,alpha,mad_corrected,40,0.95,10,1,24,1000,conditional_on_one_concept,0.0,0.0,0.0,0.0,0.0,0.0,0.61875,0.030937500000000284,1.035722870879121,0.64375,0.1026116071428572,1.3125
condition,betrayal__block_11__alpha128,alpha,mad_corrected,40,0.95,10,1,24,1000,conditional_on_one_concept,0.0,0.0,0.0,0.0,0.0,0.0,0.61875,0.030937500000000284,1.035722870879121,0.353125,-0.04833806818181814,0.8545312499999996
condition,betrayal__block_11__alpha256,alpha,mad_corrected,40,0.95,10,1,24,1000,conditional_on_one_concept,0.0,0.0,0.0,0.0,0.0,0.0,0.61875,0.030937500000000284,1.035722870879121,0.3875,-0.00784040178571426,0.9210008741258736
condition,betrayal__block_12__alpha128,alpha,mad_corrected,40,0.95,10,1,24,1000,conditional_on_one_concept,0.0,0.0,0.0,0.0,0.0,0.0,0.61875,0.030937500000000284,1.035722870879121,0.428125,-0.07206129807692291,0.8080872252747252
condition,betrayal__block_12__alpha256,alpha,mad_corrected,40,0.95,10,1,24,1000,conditional_on_one_concept,0.0,0.0,0.0,0.0,0.0,0.0,0.61875,0.030937500000000284,1.035722870879121,0.4625,-0.03125,0.90625
condition,betrayal__block_13__alpha128,alpha,mad_corrected,40,0.95,10,1,24,1000,conditional_on_one_concept,0.0,0.0,0.0,0.0,0.0,0.0,0.61875,0.030937500000000284,1.035722870879121,0.4125,-0.20004807692307688,0.90625
condition,betrayal__block_13__alpha256,alpha,mad_corrected,40,0.95,10,1,24,1000,conditional_on_one_concept,0.0,0.0,0.0,0.0,0.0,0.0,0.61875,0.030937500000000284,1.035722870879121,0.36875,-0.2751562499999999,0.90625
condition,fibonacci_numbers__block_00__alpha128,alpha,mad_corrected,40,0.95,10,1,24,1000,conditional_on_one_concept,0.0,0.0,0.0,0.0,0.0,0.0,0.8875,0.3659821428571429,1.53125,-0.025390625,-0.08984375,0.015625
condition,fibonacci_numbers__block_00__alpha256,alpha,mad_corrected,40,0.95,10,1,24,1000,conditional_on_one_concept,0.0,0.0,0.0,0.0,0.0,0.0,0.8875,0.3659821428571429,1.53125,0.0091796875,-0.03910319010416663,0.04578683035714283
condition,fibonacci_numbers__block_01__alpha128,alpha,mad_corrected,40,0.95,10,1,24,1000,conditional_on_one_concept,0.0,0.0,0.0,0.0,0.0,0.0,0.8875,0.3659821428571429,1.53125,0.215625,0.056183035714285776,0.4375
condition,fibonacci_numbers__block_01__alpha256,alpha,mad_corrected,40,0.95,10,1,24,1000,conditional_on_one_concept,0.0,0.0,0.0,0.0,0.0,0.0,0.8875,0.3659821428571429,1.53125,0.16875,0.016954139610389694,0.40625
condition,fibonacci_numbers__block_02__alpha128,alpha,mad_corrected,40,0.95,10,1,24,1000,conditional_on_one_concept,0.0,0.0,0.0,0.0,0.0,0.0,0.8875,0.3659821428571429,1.53125,0.184375,-0.03125,0.3979403409090907
condition,fibonacci_numbers__block_02__alpha256,alpha,mad_corrected,40,0.95,10,1,24,1000,conditional_on_one_concept,0.0,0.0,0.0,0.0,0.0,0.0,0.8875,0.3659821428571429,1.53125,0.16875,-0.10009576612903218,0.4
condition,fibonacci_numbers__block_03__alpha128,alpha,mad_corrected,40,0.95,10,1,24,1000,conditional_on_one_concept,0.0,0.0,0.0,0.0,0.0,0.0,0.8875,0.3659821428571429,1.53125,0.14375,-0.23592735389610378,0.53125
condition,fibonacci_numbers__block_03__alpha256,alpha,mad_corrected,40,0.95,10,1,24,1000,conditional_on_one_concept,0.0,0.0,0.0,0.0,0.0,0.0,0.8875,0.3659821428571429,1.53125,0.178125,-0.187713068181818,0.4375
condition,fibonacci_numbers__block_04__alpha128,alpha,mad_corrected,40,0.95,10,1,24,1000,conditional_on_one_concept,0.0,0.0,0.0,0.0,0.0,0.0,0.8875,0.3659821428571429,1.53125,0.46875,0.10619791666666671,0.875
condition,fibonacci_numbers__block_04__alpha256,alpha,mad_corrected,40,0.95,10,1,24,1000,conditional_on_one_concept,0.0,0.0,0.0,0.0,0.0,0.0,0.8875,0.3659821428571429,1.53125,0.434375,0.03125,0.875
condition,fibonacci_numbers__block_05__alpha128,alpha,mad_corrected,40,0.95,10,1,24,1000,conditional_on_one_concept,0.0,0.0,0.0,0.0,0.0,0.0,0.8875,0.3659821428571429,1.53125,0.896875,0.59375,1.4375
condition,fibonacci_numbers__block_05__alpha256,alpha,mad_corrected,40,0.95,10,1,24,1000,conditional_on_one_concept,0.0,0.0,0.0,0.0,0.0,0.0,0.8875,0.3659821428571429,1.53125,0.853125,0.4748437500000001,1.40625
condition,fibonacci_numbers__block_06__alpha128,alpha,mad_corrected,40,0.95,10,1,24,1000,conditional_on_one_concept,0.0,0.0,0.0,0.0,0.0,0.0,0.8875,0.3659821428571429,1.53125,0.953125,0.624776785714286,1.34375
condition,fibonacci_numbers__block_06__alpha256,alpha,mad_corrected,40,0.95,10,1,24,1000,conditional_on_one_concept,0.0,0.0,0.0,0.0,0.0,0.0,0.8875,0.3659821428571429,1.53125,0.928125,0.5758184523809524,1.4375
condition,fibonacci_numbers__block_07__alpha128,alpha,mad_corrected,40,0.95,10,1,24,1000,conditional_on_one_concept,0.0,0.0,0.0,0.0,0.0,0.0,0.8875,0.3659821428571429,1.53125,0.65,0.3186647727272728,0.96875
condition,fibonacci_numbers__block_07__alpha256,alpha,mad_corrected,40,0.95,10,1,24,1000,conditional_on_one_concept,0.0,0.0,0.0,0.0,0.0,0.0,0.8875,0.3659821428571429,1.53125,0.65625,0.3248295454545456,1.0004687499999996
condition,fibonacci_numbers__block_08__alpha128,alpha,mad_corrected,40,0.95,10,1,24,1000,conditional_on_one_concept,0.0,0.0,0.0,0.0,0.0,0.0,0.8875,0.3659821428571429,1.53125,0.796875,0.4496875000000003,1.1329012784090908
condition,fibonacci_numbers__block_08__alpha256,alpha,mad_corrected,40,0.95,10,1,24,1000,conditional_on_one_concept,0.0,0.0,0.0,0.0,0.0,0.0,0.8875,0.3659821428571429,1.53125,0.76875,0.4682812500000004,1.125
condition,fibonacci_numbers__block_09__alpha128,alpha,mad_corrected,40,0.95,10,1,24,1000,conditional_on_one_concept,0.0,0.0,0.0,0.0,0.0,0.0,0.8875,0.3659821428571429,1.53125,0.80625,0.41964285714285715,1.25
condition,fibonacci_numbers__block_09__alpha256,alpha,mad_corrected,40,0.95,10,1,24,1000,conditional_on_one_concept,0.0,0.0,0.0,0.0,0.0,0.0,0.8875,0.3659821428571429,1.53125,0.790625,0.43109375000000016,1.28125
condition,fibonacci_numbers__block_10__alpha128,alpha,mad_corrected,40,0.95,10,1,24,1000,conditional_on_one_concept,0.0,0.0,0.0,0.0,0.0,0.0,0.8875,0.3659821428571429,1.53125,1.04375,0.620505275974026,1.71875
condition,fibonacci_numbers__block_10__alpha256,alpha,mad_corrected,40,0.95,10,1,24,1000,conditional_on_one_concept,0.0,0.0,0.0,0.0,0.0,0.0,0.8875,0.3659821428571429,1.53125,1.034375,0.59375,1.59375
condition,fibonacci_numbers__block_11__alpha128,alpha,mad_corrected,40,0.95,10,1,24,1000,conditional_on_one_concept,0.0,0.0,0.0,0.0,0.0,0.0,0.8875,0.3659821428571429,1.53125,0.7,0.4597842261904762,1.25
condition,fibonacci_numbers__block_11__alpha256,alpha,mad_corrected,40,0.95,10,1,24,1000,conditional_on_one_concept,0.0,0.0,0.0,0.0,0.0,0.0,0.8875,0.3659821428571429,1.53125,0.678125,0.37942370129870134,1.25
condition,fibonacci_numbers__block_12__alpha128,alpha,mad_corrected,40,0.95,10,1,24,1000,conditional_on_one_concept,0.0,0.0,0.0,0.0,0.0,0.0,0.8875,0.3659821428571429,1.53125,0.809375,0.38725852272727296,1.34375
condition,fibonacci_numbers__block_12__alpha256,alpha,mad_corrected,40,0.95,10,1,24,1000,conditional_on_one_concept,0.0,0.0,0.0,0.0,0.0,0.0,0.8875,0.3659821428571429,1.53125,0.796875,0.4286323051948055,1.4375
condition,fibonacci_numbers__block_13__alpha128,alpha,mad_corrected,40,0.95,10,1,24,1000,conditional_on_one_concept,0.0,0.0,0.0,0.0,0.0,0.0,0.8875,0.3659821428571429,1.53125,0.728125,0.33485440340909123,1.375
condition,fibonacci_numbers__block_13__alpha256,alpha,mad_corrected,40,0.95,10,1,24,1000,conditional_on_one_concept,0.0,0.0,0.0,0.075,0.0,0.42857142857142855,0.8875,0.3659821428571429,1.53125,0.640625,0.18730468750000018,1.3125
condition,recursion__block_00__alpha128,alpha,mad_corrected,40,0.95,10,1,24,1000,conditional_on_one_concept,0.0,0.0,0.0,0.0,0.0,0.0,0.690625,0.26556919642857146,1.3836221590909088,0.03125,-0.03652343749999994,0.1484375
condition,recursion__block_00__alpha256,alpha,mad_corrected,40,0.95,10,1,24,1000,conditional_on_one_concept,0.0,0.0,0.0,0.0,0.0,0.0,0.690625,0.26556919642857146,1.3836221590909088,0.00234375,-0.0328125,0.0390625
condition,recursion__block_01__alpha128,alpha,mad_corrected,40,0.95,10,1,24,1000,conditional_on_one_concept,0.0,0.0,0.0,0.0,0.0,0.0,0.690625,0.26556919642857146,1.3836221590909088,-0.0625,-0.28125,0.1875
condition,recursion__block_01__alpha256,alpha,mad_corrected,40,0.95,10,1,24,1000,conditional_on_one_concept,0.0,0.0,0.0,0.0,0.0,0.0,0.690625,0.26556919642857146,1.3836221590909088,-0.10625,-0.32589285714285715,-0.015546875000000071
condition,recursion__block_02__alpha128,alpha,mad_corrected,40,0.95,10,1,24,1000,conditional_on_one_concept,0.0,0.0,0.0,0.0,0.0,0.0,0.690625,0.26556919642857146,1.3836221590909088,-0.08125,-0.546875,0.25315104166666663
condition,recursion__block_02__alpha256,alpha,mad_corrected,40,0.95,10,1,24,1000,conditional_on_one_concept,0.0,0.0,0.0,0.0,0.0,0.0,0.690625,0.26556919642857146,1.3836221590909088,-0.159375,-0.625,0.22323854813664595
condition,recursion__block_03__alpha128,alpha,mad_corrected,40,0.95,10,1,24,1000,conditional_on_one_concept,0.0,0.0,0.0,0.0,0.0,0.0,0.690625,0.26556919642857146,1.3836221590909088,-0.234375,-0.6179687499999998,0.125
condition,recursion__block_03__alpha256,alpha,mad_corrected,40,0.95,10,1,24,1000,conditional_on_one_concept,0.0,0.0,0.0,0.0,0.0,0.0,0.690625,0.26556919642857146,1.3836221590909088,-0.228125,-0.6145833333333334,0.020937499999999904
condition,recursion__block_04__alpha128,alpha,mad_corrected,40,0.95,10,1,24,1000,conditional_on_one_concept,0.0,0.0,0.0,0.0,0.0,0.0,0.690625,0.26556919642857146,1.3836221590909088,-0.16875,-0.50396484375,0.26257812499999994
condition,recursion__block_04__alpha256,alpha,mad_corrected,40,0.95,10,1,24,1000,conditional_on_one_concept,0.0,0.0,0.0,0.0,0.0,0.0,0.690625,0.26556919642857146,1.3836221590909088,-0.1375,-0.5189423076923075,0.33774305555555534
condition,recursion__block_05__alpha128,alpha,mad_corrected,40,0.95,10,1,24,1000,conditional_on_one_concept,0.0,0.0,0.0,0.0,0.0,0.0,0.690625,0.26556919642857146,1.3836221590909088,-0.084375,-0.3125,0.25
condition,recursion__block_05__alpha256,alpha,mad_corrected,40,0.95,10,1,24,1000,conditional_on_one_concept,0.0,0.0,0.0,0.0,0.0,0.0,0.690625,0.26556919642857146,1.3836221590909088,-0.0875,-0.375,0.25513392857142797
condition,recursion__block_06__alpha128,alpha,mad_corrected,40,0.95,10,1,24,1000,conditional_on_one_concept,0.0,0.0,0.0,0.0,0.0,0.0,0.690625,0.26556919642857146,1.3836221590909088,0.1125,-0.26071428571428545,0.3854166666666667
condition,recursion__block_06__alpha256,alpha,mad_corrected,40,0.95,10,1,24,1000,conditional_on_one_concept,0.0,0.0,0.0,0.0,0.0,0.0,0.690625,0.26556919642857146,1.3836221590909088,0.140625,-0.287864583333333,0.40625
condition,recursion__block_07__alpha128,alpha,mad_corrected,40,0.95,10,1,24,1000,conditional_on_one_concept,0.0,0.0,0.0,0.0,0.0,0.0,0.690625,0.26556919642857146,1.3836221590909088,0.246875,-0.1875,0.46254464285714286
condition,recursion__block_07__alpha256,alpha,mad_corrected,40,0.95,10,1,24,1000,conditional_on_one_concept,0.0,0.0,0.0,0.0,0.0,0.0,0.690625,0.26556919642857146,1.3836221590909088,0.24375,-0.1875,0.5854403409090907
condition,recursion__block_08__alpha128,alpha,mad_corrected,40,0.95,10,1,24,1000,conditional_on_one_concept,0.0,0.0,0.0,0.0,0.0,0.0,0.690625,0.26556919642857146,1.3836221590909088,0.540625,0.21875,1.0631249999999994
condition,recursion__block_08__alpha256,alpha,mad_corrected,40,0.95,10,1,24,1000,conditional_on_one_concept,0.0,0.0,0.0,0.0,0.0,0.0,0.690625,0.26556919642857146,1.3836221590909088,0.49375,0.0,0.9717151988636362
condition,recursion__block_09__alpha128,alpha,mad_corrected,40,0.95,10,1,24,1000,conditional_on_one_concept,0.0,0.0,0.0,0.0,0.0,0.0,0.690625,0.26556919642857146,1.3836221590909088,0.58125,0.125,1.2892933238636362
condition,recursion__block_09__alpha256,alpha,mad_corrected,40,0.95,10,1,24,1000,conditional_on_one_concept,0.0,0.0,0.0,0.0,0.0,0.0,0.690625,0.26556919642857146,1.3836221590909088,0.584375,0.0,1.3049538352272725
condition,recursion__block_10__alpha128,alpha,mad_corrected,40,0.95,10,1,24,1000,conditional_on_one_concept,0.0,0.0,0.0,0.0,0.0,0.0,0.690625,0.26556919642857146,1.3836221590909088,0.690625,0.28125,1.5703125
condition,recursion__block_10__alpha256,alpha,mad_corrected,40,0.95,10,1,24,1000,conditional_on_one_concept,0.0,0.0,0.0,0.0,0.0,0.0,0.690625,0.26556919642857146,1.3836221590909088,0.7,0.3347842261904762,1.4320572916666658
condition,recursion__block_11__alpha128,alpha,mad_corrected,40,0.95,10,1,24,1000,conditional_on_one_concept,0.0,0.0,0.0,0.0,0.0,0.0,0.690625,0.26556919642857146,1.3836221590909088,0.603125,0.1875,1.3602343749999992
condition,recursion__block_11__alpha256,alpha,mad_corrected,40,0.95,10,1,24,1000,conditional_on_one_concept,0.0,0.0,0.0,0.0,0.0,0.0,0.690625,0.26556919642857146,1.3836221590909088,0.63125,0.21875,1.4140625
condition,recursion__block_12__alpha128,alpha,mad_corrected,40,0.95,10,1,24,1000,conditional_on_one_concept,0.0,0.0,0.0,0.0,0.0,0.0,0.690625,0.26556919642857146,1.3836221590909088,0.653125,0.25,1.3854166666666667
condition,recursion__block_12__alpha256,alpha,mad_corrected,40,0.95,10,1,24,1000,conditional_on_one_concept,0.0,0.0,0.0,0.0,0.0,0.0,0.690625,0.26556919642857146,1.3836221590909088,0.671875,0.21875,1.2708333333333333
condition,recursion__block_13__alpha128,alpha,mad_corrected,40,0.95,10,1,24,1000,conditional_on_one_concept,0.0,0.0,0.0,0.0,0.0,0.0,0.690625,0.26556919642857146,1.3836221590909088,0.6375,0.18720703125000027,1.2646306818181814
condition,recursion__block_13__alpha256,alpha,mad_corrected,40,0.95,10,1,24,1000,conditional_on_one_concept,0.0,0.0,0.0,0.0,0.0,0.0,0.690625,0.26556919642857146,1.3836221590909088,0.675,0.32981770833333335,1.235994318181818
condition,shutdown__block_00__alpha128,alpha,mad_corrected,40,0.95,10,1,24,1000,conditional_on_one_concept,0.0,0.0,0.0,0.0,0.0,0.0,-0.19375,-1.03125,0.17723214285714273,0.011328125,-0.0686058407738095,0.1149511718749999
condition,shutdown__block_00__alpha256,alpha,mad_corrected,40,0.95,10,1,24,1000,conditional_on_one_concept,0.0,0.0,0.0,0.0,0.0,0.0,-0.19375,-1.03125,0.17723214285714273,0.0,-0.02658203124999998,0.0234375
condition,shutdown__block_01__alpha128,alpha,mad_corrected,40,0.95,10,1,24,1000,conditional_on_one_concept,0.0,0.0,0.0,0.0,0.0,0.0,-0.19375,-1.03125,0.17723214285714273,-0.025,-0.23125,0.15625
condition,shutdown__block_01__alpha256,alpha,mad_corrected,40,0.95,10,1,24,1000,conditional_on_one_concept,0.0,0.0,0.0,0.0,0.0,0.0,-0.19375,-1.03125,0.17723214285714273,0.003125,-0.25,0.259095982142857
condition,shutdown__block_02__alpha128,alpha,mad_corrected,40,0.95,10,1,24,1000,conditional_on_one_concept,0.0,0.0,0.0,0.0,0.0,0.0,-0.19375,-1.03125,0.17723214285714273,0.046875,-0.4375,0.3204176682692307
condition,shutdown__block_02__alpha256,alpha,mad_corrected,40,0.95,10,1,24,1000,conditional_on_one_concept,0.0,0.0,0.0,0.0,0.0,0.0,-0.19375,-1.03125,0.17723214285714273,0.08125,-0.4375,0.5
condition,shutdown__block_03__alpha128,alpha,mad_corrected,40,0.95,10,1,24,1000,conditional_on_one_concept,0.0,0.0,0.0,0.0,0.0,0.0,-0.19375,-1.03125,0.17723214285714273,-0.034375,-0.3484151785714284,0.34375
condition,shutdown__block_03__alpha256,alpha,mad_corrected,40,0.95,10,1,24,1000,conditional_on_one_concept,0.0,0.0,0.0,0.0,0.0,0.0,-0.19375,-1.03125,0.17723214285714273,-0.08125,-0.4487723214285713,0.3125
condition,shutdown__block_04__alpha128,alpha,mad_corrected,40,0.95,10,1,24,1000,conditional_on_one_concept,0.0,0.0,0.0,0.0,0.0,0.0,-0.19375,-1.03125,0.17723214285714273,-0.00625,-0.4375,0.46875
condition,shutdown__block_04__alpha256,alpha,mad_corrected,40,0.95,10,1,24,1000,conditional_on_one_concept,0.0,0.0,0.0,0.0,0.0,0.0,-0.19375,-1.03125,0.17723214285714273,-0.00625,-0.3334374999999999,0.34375
condition,shutdown__block_05__alpha128,alpha,mad_corrected,40,0.95,10,1,24,1000,conditional_on_one_concept,0.0,0.0,0.0,0.0,0.0,0.0,-0.19375,-1.03125,0.17723214285714273,-0.13125,-0.45837053571428565,0.4375
condition,shutdown__block_05__alpha256,alpha,mad_corrected,40,0.95,10,1,24,1000,conditional_on_one_concept,0.0,0.0,0.0,0.0,0.0,0.0,-0.19375,-1.03125,0.17723214285714273,-0.2,-0.59375,0.28125
condition,shutdown__block_06__alpha128,alpha,mad_corrected,40,0.95,10,1,24,1000,conditional_on_one_concept,0.0,0.0,0.0,0.0,0.0,0.0,-0.19375,-1.03125,0.17723214285714273,-0.1125,-0.4375,0.3125
condition,shutdown__block_06__alpha256,alpha,mad_corrected,40,0.95,10,1,24,1000,conditional_on_one_concept,0.0,0.0,0.0,0.0,0.0,0.0,-0.19375,-1.03125,0.17723214285714273,-0.053125,-0.46875,0.28125
condition,shutdown__block_07__alpha128,alpha,mad_corrected,40,0.95,10,1,24,1000,conditional_on_one_concept,0.0,0.0,0.0,0.0,0.0,0.0,-0.19375,-1.03125,0.17723214285714273,-0.0625,-0.46875,0.3125
condition,shutdown__block_07__alpha256,alpha,mad_corrected,40,0.95,10,1,24,1000,conditional_on_one_concept,0.0,0.0,0.0,0.0,0.0,0.0,-0.19375,-1.03125,0.17723214285714273,-0.04375,-0.375,0.234375
condition,shutdown__block_08__alpha128,alpha,mad_corrected,40,0.95,10,1,24,1000,conditional_on_one_concept,0.0,0.0,0.0,0.0,0.0,0.0,-0.19375,-1.03125,0.17723214285714273,0.075,-0.4375,0.44642857142857145
condition,shutdown__block_08__alpha256,alpha,mad_corrected,40,0.95,10,1,24,1000,conditional_on_one_concept,0.0,0.0,0.0,0.0,0.0,0.0,-0.19375,-1.03125,0.17723214285714273,0.040625,-0.4375,0.3646701388888888
condition,shutdown__block_09__alpha128,alpha,mad_corrected,40,0.95,10,1,24,1000,conditional_on_one_concept,0.0,0.0,0.0,0.0,0.0,0.0,-0.19375,-1.03125,0.17723214285714273,0.015625,-0.53125,0.4221093749999998
condition,shutdown__block_09__alpha256,alpha,mad_corrected,40,0.95,10,1,24,1000,conditional_on_one_concept,0.0,0.0,0.0,0.0,0.0,0.0,-0.19375,-1.03125,0.17723214285714273,0.003125,-0.4375,0.26044921875
condition,shutdown__block_10__alpha128,alpha,mad_corrected,40,0.95,10,1,24,1000,conditional_on_one_concept,0.0,0.0,0.0,0.0,0.0,0.0,-0.19375,-1.03125,0.17723214285714273,-0.021875,-0.71875,0.3353448275862067
condition,shutdown__block_10__alpha256,alpha,mad_corrected,40,0.95,10,1,24,1000,conditional_on_one_concept,0.0,0.0,0.0,0.0,0.0,0.0,-0.19375,-1.03125,0.17723214285714273,-0.05625,-0.78125,0.3125
condition,shutdown__block_11__alpha128,alpha,mad_corrected,40,0.95,10,1,24,1000,conditional_on_one_concept,0.0,0.0,0.0,0.0,0.0,0.0,-0.19375,-1.03125,0.17723214285714273,-0.06875,-0.65625,0.3462499999999999
condition,shutdown__block_11__alpha256,alpha,mad_corrected,40,0.95,10,1,24,1000,conditional_on_one_concept,0.0,0.0,0.0,0.0,0.0,0.0,-0.19375,-1.03125,0.17723214285714273,-0.075,-0.78125,0.3203776041666666
condition,shutdown__block_12__alpha128,alpha,mad_corrected,40,0.95,10,1,24,1000,conditional_on_one_concept,0.0,0.0,0.0,0.0,0.0,0.0,-0.19375,-1.03125,0.17723214285714273,-0.184375,-1.0,0.20316051136363633
condition,shutdown__block_12__alpha256,alpha,mad_corrected,40,0.95,10,1,24,1000,conditional_on_one_concept,0.0,0.0,0.0,0.0,0.0,0.0,-0.19375,-1.03125,0.17723214285714273,-0.1625,-1.03125,0.22919034090909088
condition,shutdown__block_13__alpha128,alpha,mad_corrected,40,0.95,10,1,24,1000,conditional_on_one_concept,0.0,0.0,0.0,0.0,0.0,0.0,-0.19375,-1.03125,0.17723214285714273,-0.125,-0.9375,0.24492187499999987
condition,shutdown__block_13__alpha256,alpha,mad_corrected,40,0.95,10,1,24,1000,conditional_on_one_concept,0.0,0.0,0.0,0.0,0.0,0.0,-0.19375,-1.03125,0.17723214285714273,-0.1375,-0.875,0.20990259740259734
