kind,layer,family,direction_id,matching,dose,alpha_requested,dropout_rate,pair_id,order,label_order,target_index,target_label,logit_a,logit_b,contrast,sham_contrast,adjusted_contrast,correct_raw,correct_adjusted,tie_adjusted,realized_amplitude,clean_token_norm,top_token_is_choice,finite
sham,,sham,,,,0.0,,0,0,AB,,,23.5,21.875,1.625,1.625,0.0,,,,0.0,,True,True
sham,,sham,,,,0.0,,0,0,BA,,,24.375,22.625,1.75,1.75,0.0,,,,0.0,,True,True
sham,,sham,,,,0.0,,0,1,AB,,,23.75,22.25,1.5,1.5,0.0,,,,0.0,,True,True
sham,,sham,,,,0.0,,0,1,BA,,,24.75,23.125,1.625,1.625,0.0,,,,0.0,,True,True
sham,,sham,,,,0.0,,1,0,AB,,,22.875,21.0,1.875,1.875,0.0,,,,0.0,,True,True
sham,,sham,,,,0.0,,1,0,BA,,,23.875,22.75,1.125,1.125,0.0,,,,0.0,,True,True
sham,,sham,,,,0.0,,1,1,AB,,,23.625,21.625,2.0,2.0,0.0,,,,0.0,,True,True
sham,,sham,,,,0.0,,1,1,BA,,,24.125,23.75,0.375,0.375,0.0,,,,0.0,,True,True
sham,,sham,,,,0.0,,2,0,AB,,,24.375,22.875,1.5,1.5,0.0,,,,0.0,,True,True
sham,,sham,,,,0.0,,2,0,BA,,,25.0,23.25,1.75,1.75,0.0,,,,0.0,,True,True
sham,,sham,,,,0.0,,2,1,AB,,,23.75,22.5,1.25,1.25,0.0,,,,0.0,,True,True
sham,,sham,,,,0.0,,2,1,BA,,,24.5,23.25,1.25,1.25,0.0,,,,0.0,,True,True
sham,,sham,,,,0.0,,3,0,AB,,,24.25,21.5,2.75,2.75,0.0,,,,0.0,,True,True
sham,,sham,,,,0.0,,3,0,BA,,,25.0,23.5,1.5,1.5,0.0,,,,0.0,,True,True
sham,,sham,,,,0.0,,3,1,AB,,,23.625,20.875,2.75,2.75,0.0,,,,0.0,,True,True
sham,,sham,,,,0.0,,3,1,BA,,,24.875,23.0,1.875,1.875,0.0,,,,0.0,,True,True
sham,,sham,,,,0.0,,4,0,AB,,,24.0,21.625,2.375,2.375,0.0,,,,0.0,,True,True
sham,,sham,,,,0.0,,4,0,BA,,,24.625,23.5,1.125,1.125,0.0,,,,0.0,,True,True
sham,,sham,,,,0.0,,4,1,AB,,,23.75,21.5,2.25,2.25,0.0,,,,0.0,,True,True
sham,,sham,,,,0.0,,4,1,BA,,,24.75,22.5,2.25,2.25,0.0,,,,0.0,,True,True
perturbed,3,concept,concept__block_03__Dust,alpha,0.25,0.25,,0,0,AB,0,A,23.625,21.875,1.75,1.625,0.125,1.0,1.0,False,0.24983863532543182,3.1158385276794434,True,True
perturbed,3,concept,concept__block_03__Dust,alpha,0.25,0.25,,0,0,AB,1,B,23.5,21.875,1.625,1.625,0.0,0.0,0.5,True,0.2497941553592682,3.0119221210479736,True,True
perturbed,3,concept,concept__block_03__Dust,alpha,0.25,0.25,,0,0,BA,0,B,24.375,22.5,1.875,1.75,0.125,0.0,0.0,False,0.24981357157230377,3.137744665145874,True,True
perturbed,3,concept,concept__block_03__Dust,alpha,0.25,0.25,,0,0,BA,1,A,24.5,22.625,1.875,1.75,0.125,1.0,1.0,False,0.2496086061000824,2.9986531734466553,True,True
perturbed,3,concept,concept__block_03__Dust,alpha,0.25,0.25,,0,1,AB,0,A,23.75,22.375,1.375,1.5,-0.125,1.0,0.0,False,0.25000640749931335,2.956418514251709,True,True
perturbed,3,concept,concept__block_03__Dust,alpha,0.25,0.25,,0,1,AB,1,B,23.75,22.375,1.375,1.5,-0.125,0.0,1.0,False,0.24979373812675476,3.151445150375366,True,True
perturbed,3,concept,concept__block_03__Dust,alpha,0.25,0.25,,0,1,BA,0,B,24.875,23.0,1.875,1.625,0.25,0.0,0.0,False,0.24985620379447937,2.96566104888916,True,True
perturbed,3,concept,concept__block_03__Dust,alpha,0.25,0.25,,0,1,BA,1,A,24.75,23.125,1.625,1.625,0.0,1.0,0.5,True,0.2497311383485794,3.122593641281128,True,True
perturbed,3,concept,concept__block_03__Dust,alpha,0.25,0.25,,1,0,AB,0,A,22.875,20.875,2.0,1.875,0.125,1.0,1.0,False,0.24978609383106232,3.1793065071105957,True,True
perturbed,3,concept,concept__block_03__Dust,alpha,0.25,0.25,,1,0,AB,1,B,22.75,21.0,1.75,1.875,-0.125,0.0,1.0,False,0.249767005443573,2.9485650062561035,True,True
perturbed,3,concept,concept__block_03__Dust,alpha,0.25,0.25,,1,0,BA,0,B,23.75,22.875,0.875,1.125,-0.25,0.0,1.0,False,0.24995018541812897,3.18035626411438,True,True
perturbed,3,concept,concept__block_03__Dust,alpha,0.25,0.25,,1,0,BA,1,A,23.75,22.875,0.875,1.125,-0.25,1.0,0.0,False,0.24982458353042603,2.914806604385376,True,True
perturbed,3,concept,concept__block_03__Dust,alpha,0.25,0.25,,1,1,AB,0,A,23.75,21.75,2.0,2.0,0.0,1.0,0.5,True,0.2497677356004715,2.872736930847168,True,True
perturbed,3,concept,concept__block_03__Dust,alpha,0.25,0.25,,1,1,AB,1,B,23.75,21.75,2.0,2.0,0.0,0.0,0.5,True,0.24983863532543182,3.1747477054595947,True,True
perturbed,3,concept,concept__block_03__Dust,alpha,0.25,0.25,,1,1,BA,0,B,24.125,23.75,0.375,0.375,0.0,0.0,0.5,True,0.24977250397205353,2.886274576187134,True,True
perturbed,3,concept,concept__block_03__Dust,alpha,0.25,0.25,,1,1,BA,1,A,24.25,23.625,0.625,0.375,0.25,1.0,1.0,False,0.24990059435367584,3.1739015579223633,True,True
perturbed,3,concept,concept__block_03__Dust,alpha,0.25,0.25,,2,0,AB,0,A,24.5,23.0,1.5,1.5,0.0,1.0,0.5,True,0.2497580498456955,2.9803566932678223,True,True
perturbed,3,concept,concept__block_03__Dust,alpha,0.25,0.25,,2,0,AB,1,B,24.5,23.125,1.375,1.5,-0.125,0.0,1.0,False,0.24963542819023132,3.0635969638824463,True,True
perturbed,3,concept,concept__block_03__Dust,alpha,0.25,0.25,,2,0,BA,0,B,24.875,23.125,1.75,1.75,0.0,0.0,0.5,True,0.24998235702514648,3.002148389816284,True,True
perturbed,3,concept,concept__block_03__Dust,alpha,0.25,0.25,,2,0,BA,1,A,25.0,23.25,1.75,1.75,0.0,1.0,0.5,True,0.2499057501554489,3.054969310760498,True,True
perturbed,3,concept,concept__block_03__Dust,alpha,0.25,0.25,,2,1,AB,0,A,23.875,22.5,1.375,1.25,0.125,1.0,1.0,False,0.24977676570415497,3.1238980293273926,True,True
perturbed,3,concept,concept__block_03__Dust,alpha,0.25,0.25,,2,1,AB,1,B,23.75,22.5,1.25,1.25,0.0,0.0,0.5,True,0.24971282482147217,3.0577123165130615,True,True
perturbed,3,concept,concept__block_03__Dust,alpha,0.25,0.25,,2,1,BA,0,B,24.375,23.25,1.125,1.25,-0.125,0.0,1.0,False,0.24973434209823608,3.1220011711120605,True,True
perturbed,3,concept,concept__block_03__Dust,alpha,0.25,0.25,,2,1,BA,1,A,24.5,23.25,1.25,1.25,0.0,1.0,0.5,True,0.2498534917831421,3.0351974964141846,True,True
perturbed,3,concept,concept__block_03__Dust,alpha,0.25,0.25,,3,0,AB,0,A,24.25,21.5,2.75,2.75,0.0,1.0,0.5,True,0.24975177645683289,3.063141345977783,True,True
perturbed,3,concept,concept__block_03__Dust,alpha,0.25,0.25,,3,0,AB,1,B,24.25,21.625,2.625,2.75,-0.125,0.0,1.0,False,0.24997040629386902,3.2583935260772705,True,True
perturbed,3,concept,concept__block_03__Dust,alpha,0.25,0.25,,3,0,BA,0,B,25.0,23.375,1.625,1.5,0.125,0.0,0.0,False,0.24978002905845642,3.082369804382324,True,True
perturbed,3,concept,concept__block_03__Dust,alpha,0.25,0.25,,3,0,BA,1,A,25.0,23.5,1.5,1.5,0.0,1.0,0.5,True,0.2498573511838913,3.265042304992676,True,True
perturbed,3,concept,concept__block_03__Dust,alpha,0.25,0.25,,3,1,AB,0,A,23.75,21.125,2.625,2.75,-0.125,1.0,0.0,False,0.2499481439590454,3.1888463497161865,True,True
perturbed,3,concept,concept__block_03__Dust,alpha,0.25,0.25,,3,1,AB,1,B,23.625,21.125,2.5,2.75,-0.25,0.0,1.0,False,0.24975061416625977,3.1481528282165527,True,True
perturbed,3,concept,concept__block_03__Dust,alpha,0.25,0.25,,3,1,BA,0,B,24.875,23.125,1.75,1.875,-0.125,0.0,1.0,False,0.2498016059398651,3.1988089084625244,True,True
perturbed,3,concept,concept__block_03__Dust,alpha,0.25,0.25,,3,1,BA,1,A,24.75,23.0,1.75,1.875,-0.125,1.0,0.0,False,0.24978864192962646,3.134244680404663,True,True
perturbed,3,concept,concept__block_03__Dust,alpha,0.25,0.25,,4,0,AB,0,A,24.125,21.625,2.5,2.375,0.125,1.0,1.0,False,0.2497083842754364,3.0116465091705322,True,True
perturbed,3,concept,concept__block_03__Dust,alpha,0.25,0.25,,4,0,AB,1,B,24.125,21.75,2.375,2.375,0.0,0.0,0.5,True,0.2499237358570099,3.0958008766174316,True,True
perturbed,3,concept,concept__block_03__Dust,alpha,0.25,0.25,,4,0,BA,0,B,24.625,23.5,1.125,1.125,0.0,0.0,0.5,True,0.24958536028862,2.999300956726074,True,True
perturbed,3,concept,concept__block_03__Dust,alpha,0.25,0.25,,4,0,BA,1,A,24.625,23.5,1.125,1.125,0.0,1.0,0.5,True,0.24998223781585693,3.0820789337158203,True,True
perturbed,3,concept,concept__block_03__Dust,alpha,0.25,0.25,,4,1,AB,0,A,23.75,21.625,2.125,2.25,-0.125,1.0,0.0,False,0.24981558322906494,3.102609634399414,True,True
perturbed,3,concept,concept__block_03__Dust,alpha,0.25,0.25,,4,1,AB,1,B,23.625,21.625,2.0,2.25,-0.25,0.0,1.0,False,0.24986153841018677,3.101919651031494,True,True
perturbed,3,concept,concept__block_03__Dust,alpha,0.25,0.25,,4,1,BA,0,B,24.875,22.375,2.5,2.25,0.25,0.0,0.0,False,0.24983255565166473,3.1111502647399902,True,True
perturbed,3,concept,concept__block_03__Dust,alpha,0.25,0.25,,4,1,BA,1,A,24.75,22.375,2.375,2.25,0.125,1.0,1.0,False,0.24988584220409393,3.0784847736358643,True,True
perturbed,3,concept,concept__block_03__Dust,alpha,0.5,0.5,,0,0,AB,0,A,23.5,21.875,1.625,1.625,0.0,1.0,0.5,True,0.49997562170028687,3.1158385276794434,True,True
perturbed,3,concept,concept__block_03__Dust,alpha,0.5,0.5,,0,0,AB,1,B,23.5,22.0,1.5,1.625,-0.125,0.0,1.0,False,0.4995397627353668,3.0119221210479736,True,True
perturbed,3,concept,concept__block_03__Dust,alpha,0.5,0.5,,0,0,BA,0,B,24.375,22.25,2.125,1.75,0.375,0.0,0.0,False,0.4996907114982605,3.137744665145874,True,True
perturbed,3,concept,concept__block_03__Dust,alpha,0.5,0.5,,0,0,BA,1,A,24.5,22.625,1.875,1.75,0.125,1.0,1.0,False,0.4991855025291443,2.9986531734466553,True,True
perturbed,3,concept,concept__block_03__Dust,alpha,0.5,0.5,,0,1,AB,0,A,23.625,22.25,1.375,1.5,-0.125,1.0,0.0,False,0.49957555532455444,2.956418514251709,True,True
perturbed,3,concept,concept__block_03__Dust,alpha,0.5,0.5,,0,1,AB,1,B,23.625,22.375,1.25,1.5,-0.25,0.0,1.0,False,0.4995702803134918,3.151445150375366,True,True
perturbed,3,concept,concept__block_03__Dust,alpha,0.5,0.5,,0,1,BA,0,B,25.0,23.0,2.0,1.625,0.375,0.0,0.0,False,0.4994581341743469,2.96566104888916,True,True
perturbed,3,concept,concept__block_03__Dust,alpha,0.5,0.5,,0,1,BA,1,A,24.875,23.25,1.625,1.625,0.0,1.0,0.5,True,0.49958300590515137,3.122593641281128,True,True
perturbed,3,concept,concept__block_03__Dust,alpha,0.5,0.5,,1,0,AB,0,A,22.875,20.875,2.0,1.875,0.125,1.0,1.0,False,0.4995203912258148,3.1793065071105957,True,True
perturbed,3,concept,concept__block_03__Dust,alpha,0.5,0.5,,1,0,AB,1,B,22.75,20.875,1.875,1.875,0.0,0.0,0.5,True,0.4995869994163513,2.9485650062561035,True,True
perturbed,3,concept,concept__block_03__Dust,alpha,0.5,0.5,,1,0,BA,0,B,23.625,22.875,0.75,1.125,-0.375,0.0,1.0,False,0.49981895089149475,3.18035626411438,True,True
perturbed,3,concept,concept__block_03__Dust,alpha,0.5,0.5,,1,0,BA,1,A,23.75,22.875,0.875,1.125,-0.25,1.0,0.0,False,0.49952808022499084,2.914806604385376,True,True
perturbed,3,concept,concept__block_03__Dust,alpha,0.5,0.5,,1,1,AB,0,A,23.625,21.625,2.0,2.0,0.0,1.0,0.5,True,0.499321848154068,2.872736930847168,True,True
perturbed,3,concept,concept__block_03__Dust,alpha,0.5,0.5,,1,1,AB,1,B,23.625,21.75,1.875,2.0,-0.125,0.0,1.0,False,0.4997895359992981,3.1747477054595947,True,True
perturbed,3,concept,concept__block_03__Dust,alpha,0.5,0.5,,1,1,BA,0,B,24.125,23.625,0.5,0.375,0.125,0.0,0.0,False,0.49951499700546265,2.886274576187134,True,True
perturbed,3,concept,concept__block_03__Dust,alpha,0.5,0.5,,1,1,BA,1,A,24.25,23.75,0.5,0.375,0.125,1.0,1.0,False,0.4994243383407593,3.1739015579223633,True,True
perturbed,3,concept,concept__block_03__Dust,alpha,0.5,0.5,,2,0,AB,0,A,24.5,22.875,1.625,1.5,0.125,1.0,1.0,False,0.49935322999954224,2.9803566932678223,True,True
perturbed,3,concept,concept__block_03__Dust,alpha,0.5,0.5,,2,0,AB,1,B,24.5,23.125,1.375,1.5,-0.125,0.0,1.0,False,0.49984630942344666,3.0635969638824463,True,True
perturbed,3,concept,concept__block_03__Dust,alpha,0.5,0.5,,2,0,BA,0,B,24.875,23.125,1.75,1.75,0.0,0.0,0.5,True,0.49945735931396484,3.002148389816284,True,True
perturbed,3,concept,concept__block_03__Dust,alpha,0.5,0.5,,2,0,BA,1,A,25.0,23.375,1.625,1.75,-0.125,1.0,0.0,False,0.4992411136627197,3.054969310760498,True,True
perturbed,3,concept,concept__block_03__Dust,alpha,0.5,0.5,,2,1,AB,0,A,23.875,22.625,1.25,1.25,0.0,1.0,0.5,True,0.49944156408309937,3.1238980293273926,True,True
perturbed,3,concept,concept__block_03__Dust,alpha,0.5,0.5,,2,1,AB,1,B,23.75,22.5,1.25,1.25,0.0,0.0,0.5,True,0.49965700507164,3.0577123165130615,True,True
perturbed,3,concept,concept__block_03__Dust,alpha,0.5,0.5,,2,1,BA,0,B,24.5,23.25,1.25,1.25,0.0,0.0,0.5,True,0.4996773898601532,3.1220011711120605,True,True
perturbed,3,concept,concept__block_03__Dust,alpha,0.5,0.5,,2,1,BA,1,A,24.5,23.375,1.125,1.25,-0.125,1.0,0.0,False,0.49971720576286316,3.0351974964141846,True,True
perturbed,3,concept,concept__block_03__Dust,alpha,0.5,0.5,,3,0,AB,0,A,24.125,21.375,2.75,2.75,0.0,1.0,0.5,True,0.4992251992225647,3.063141345977783,True,True
perturbed,3,concept,concept__block_03__Dust,alpha,0.5,0.5,,3,0,AB,1,B,24.125,21.5,2.625,2.75,-0.125,0.0,1.0,False,0.4997583329677582,3.2583935260772705,True,True
perturbed,3,concept,concept__block_03__Dust,alpha,0.5,0.5,,3,0,BA,0,B,24.875,23.25,1.625,1.5,0.125,0.0,0.0,False,0.49933093786239624,3.082369804382324,True,True
perturbed,3,concept,concept__block_03__Dust,alpha,0.5,0.5,,3,0,BA,1,A,25.0,23.625,1.375,1.5,-0.125,1.0,0.0,False,0.49972379207611084,3.265042304992676,True,True
perturbed,3,concept,concept__block_03__Dust,alpha,0.5,0.5,,3,1,AB,0,A,23.625,21.125,2.5,2.75,-0.25,1.0,0.0,False,0.49961286783218384,3.1888463497161865,True,True
perturbed,3,concept,concept__block_03__Dust,alpha,0.5,0.5,,3,1,AB,1,B,23.625,21.0,2.625,2.75,-0.125,0.0,1.0,False,0.4997820258140564,3.1481528282165527,True,True
perturbed,3,concept,concept__block_03__Dust,alpha,0.5,0.5,,3,1,BA,0,B,25.0,22.875,2.125,1.875,0.25,0.0,0.0,False,0.499411404132843,3.1988089084625244,True,True
perturbed,3,concept,concept__block_03__Dust,alpha,0.5,0.5,,3,1,BA,1,A,24.75,22.875,1.875,1.875,0.0,1.0,0.5,True,0.49955248832702637,3.134244680404663,True,True
perturbed,3,concept,concept__block_03__Dust,alpha,0.5,0.5,,4,0,AB,0,A,24.125,21.5,2.625,2.375,0.25,1.0,1.0,False,0.4994943141937256,3.0116465091705322,True,True
perturbed,3,concept,concept__block_03__Dust,alpha,0.5,0.5,,4,0,AB,1,B,24.0,21.625,2.375,2.375,0.0,0.0,0.5,True,0.49962955713272095,3.0958008766174316,True,True
perturbed,3,concept,concept__block_03__Dust,alpha,0.5,0.5,,4,0,BA,0,B,24.625,23.625,1.0,1.125,-0.125,0.0,1.0,False,0.4995592534542084,2.999300956726074,True,True
perturbed,3,concept,concept__block_03__Dust,alpha,0.5,0.5,,4,0,BA,1,A,24.75,23.5,1.25,1.125,0.125,1.0,1.0,False,0.49951764941215515,3.0820789337158203,True,True
perturbed,3,concept,concept__block_03__Dust,alpha,0.5,0.5,,4,1,AB,0,A,23.75,21.75,2.0,2.25,-0.25,1.0,0.0,False,0.4997577667236328,3.102609634399414,True,True
perturbed,3,concept,concept__block_03__Dust,alpha,0.5,0.5,,4,1,AB,1,B,23.75,21.75,2.0,2.25,-0.25,0.0,1.0,False,0.4995001256465912,3.101919651031494,True,True
perturbed,3,concept,concept__block_03__Dust,alpha,0.5,0.5,,4,1,BA,0,B,24.75,22.25,2.5,2.25,0.25,0.0,0.0,False,0.4997291564941406,3.1111502647399902,True,True
perturbed,3,concept,concept__block_03__Dust,alpha,0.5,0.5,,4,1,BA,1,A,24.875,22.375,2.5,2.25,0.25,1.0,1.0,False,0.4996625781059265,3.0784847736358643,True,True
perturbed,3,concept,concept__block_03__Dust,alpha,1.0,1.0,,0,0,AB,0,A,23.5,21.75,1.75,1.625,0.125,1.0,1.0,False,0.9985654950141907,3.1158385276794434,True,True
perturbed,3,concept,concept__block_03__Dust,alpha,1.0,1.0,,0,0,AB,1,B,23.5,22.125,1.375,1.625,-0.25,0.0,1.0,False,0.9991409778594971,3.0119221210479736,True,True
perturbed,3,concept,concept__block_03__Dust,alpha,1.0,1.0,,0,0,BA,0,B,24.375,22.375,2.0,1.75,0.25,0.0,0.0,False,0.9990432858467102,3.137744665145874,True,True
perturbed,3,concept,concept__block_03__Dust,alpha,1.0,1.0,,0,0,BA,1,A,24.375,22.5,1.875,1.75,0.125,1.0,1.0,False,0.9998943209648132,2.9986531734466553,True,True
perturbed,3,concept,concept__block_03__Dust,alpha,1.0,1.0,,0,1,AB,0,A,23.625,22.25,1.375,1.5,-0.125,1.0,0.0,False,0.9985895752906799,2.956418514251709,True,True
perturbed,3,concept,concept__block_03__Dust,alpha,1.0,1.0,,0,1,AB,1,B,23.75,22.375,1.375,1.5,-0.125,0.0,1.0,False,0.9990687370300293,3.151445150375366,True,True
perturbed,3,concept,concept__block_03__Dust,alpha,1.0,1.0,,0,1,BA,0,B,25.0,23.125,1.875,1.625,0.25,0.0,0.0,False,0.9989477396011353,2.96566104888916,True,True
perturbed,3,concept,concept__block_03__Dust,alpha,1.0,1.0,,0,1,BA,1,A,25.0,23.25,1.75,1.625,0.125,1.0,1.0,False,0.9990204572677612,3.122593641281128,True,True
perturbed,3,concept,concept__block_03__Dust,alpha,1.0,1.0,,1,0,AB,0,A,23.125,20.875,2.25,1.875,0.375,1.0,1.0,False,1.0002402067184448,3.1793065071105957,True,True
perturbed,3,concept,concept__block_03__Dust,alpha,1.0,1.0,,1,0,AB,1,B,22.625,21.0,1.625,1.875,-0.25,0.0,1.0,False,0.9995447397232056,2.9485650062561035,True,True
perturbed,3,concept,concept__block_03__Dust,alpha,1.0,1.0,,1,0,BA,0,B,23.625,23.0,0.625,1.125,-0.5,0.0,1.0,False,0.9995530247688293,3.18035626411438,True,True
perturbed,3,concept,concept__block_03__Dust,alpha,1.0,1.0,,1,0,BA,1,A,23.875,22.875,1.0,1.125,-0.125,1.0,0.0,False,0.9995001554489136,2.914806604385376,True,True
perturbed,3,concept,concept__block_03__Dust,alpha,1.0,1.0,,1,1,AB,0,A,23.625,21.625,2.0,2.0,0.0,1.0,0.5,True,0.9987826347351074,2.872736930847168,True,True
perturbed,3,concept,concept__block_03__Dust,alpha,1.0,1.0,,1,1,AB,1,B,23.625,21.875,1.75,2.0,-0.25,0.0,1.0,False,0.9990605115890503,3.1747477054595947,True,True
perturbed,3,concept,concept__block_03__Dust,alpha,1.0,1.0,,1,1,BA,0,B,23.875,23.5,0.375,0.375,0.0,0.0,0.5,True,0.9994927048683167,2.886274576187134,True,True
perturbed,3,concept,concept__block_03__Dust,alpha,1.0,1.0,,1,1,BA,1,A,24.375,23.875,0.5,0.375,0.125,1.0,1.0,False,0.9987161159515381,3.1739015579223633,True,True
perturbed,3,concept,concept__block_03__Dust,alpha,1.0,1.0,,2,0,AB,0,A,24.5,22.875,1.625,1.5,0.125,1.0,1.0,False,0.9987643957138062,2.9803566932678223,True,True
perturbed,3,concept,concept__block_03__Dust,alpha,1.0,1.0,,2,0,AB,1,B,24.375,23.25,1.125,1.5,-0.375,0.0,1.0,False,0.9988865256309509,3.0635969638824463,True,True
perturbed,3,concept,concept__block_03__Dust,alpha,1.0,1.0,,2,0,BA,0,B,25.0,23.125,1.875,1.75,0.125,0.0,0.0,False,0.9997598528862,3.002148389816284,True,True
perturbed,3,concept,concept__block_03__Dust,alpha,1.0,1.0,,2,0,BA,1,A,24.875,23.125,1.75,1.75,0.0,1.0,0.5,True,0.9990684986114502,3.054969310760498,True,True
perturbed,3,concept,concept__block_03__Dust,alpha,1.0,1.0,,2,1,AB,0,A,23.75,22.5,1.25,1.25,0.0,1.0,0.5,True,0.999526858329773,3.1238980293273926,True,True
perturbed,3,concept,concept__block_03__Dust,alpha,1.0,1.0,,2,1,AB,1,B,23.625,22.375,1.25,1.25,0.0,0.0,0.5,True,0.9998909831047058,3.0577123165130615,True,True
perturbed,3,concept,concept__block_03__Dust,alpha,1.0,1.0,,2,1,BA,0,B,24.375,23.25,1.125,1.25,-0.125,0.0,1.0,False,0.9996013641357422,3.1220011711120605,True,True
perturbed,3,concept,concept__block_03__Dust,alpha,1.0,1.0,,2,1,BA,1,A,24.5,23.25,1.25,1.25,0.0,1.0,0.5,True,0.998988151550293,3.0351974964141846,True,True
perturbed,3,concept,concept__block_03__Dust,alpha,1.0,1.0,,3,0,AB,0,A,24.0,21.375,2.625,2.75,-0.125,1.0,0.0,False,0.9982077479362488,3.063141345977783,True,True
perturbed,3,concept,concept__block_03__Dust,alpha,1.0,1.0,,3,0,AB,1,B,24.125,21.5,2.625,2.75,-0.125,0.0,1.0,False,0.9987863302230835,3.2583935260772705,True,True
perturbed,3,concept,concept__block_03__Dust,alpha,1.0,1.0,,3,0,BA,0,B,24.75,23.125,1.625,1.5,0.125,0.0,0.0,False,0.9990547895431519,3.082369804382324,True,True
perturbed,3,concept,concept__block_03__Dust,alpha,1.0,1.0,,3,0,BA,1,A,25.0,23.625,1.375,1.5,-0.125,1.0,0.0,False,0.9990156888961792,3.265042304992676,True,True
perturbed,3,concept,concept__block_03__Dust,alpha,1.0,1.0,,3,1,AB,0,A,23.75,21.375,2.375,2.75,-0.375,1.0,0.0,False,0.9989153742790222,3.1888463497161865,True,True
perturbed,3,concept,concept__block_03__Dust,alpha,1.0,1.0,,3,1,AB,1,B,23.375,21.0,2.375,2.75,-0.375,0.0,1.0,False,0.9996833801269531,3.1481528282165527,True,True
perturbed,3,concept,concept__block_03__Dust,alpha,1.0,1.0,,3,1,BA,0,B,25.0,22.875,2.125,1.875,0.25,0.0,0.0,False,0.9990317821502686,3.1988089084625244,True,True
perturbed,3,concept,concept__block_03__Dust,alpha,1.0,1.0,,3,1,BA,1,A,24.75,23.125,1.625,1.875,-0.25,1.0,0.0,False,0.99871826171875,3.134244680404663,True,True
perturbed,3,concept,concept__block_03__Dust,alpha,1.0,1.0,,4,0,AB,0,A,24.25,21.5,2.75,2.375,0.375,1.0,1.0,False,0.998724639415741,3.0116465091705322,True,True
perturbed,3,concept,concept__block_03__Dust,alpha,1.0,1.0,,4,0,AB,1,B,24.0,21.625,2.375,2.375,0.0,0.0,0.5,True,0.9993551969528198,3.0958008766174316,True,True
perturbed,3,concept,concept__block_03__Dust,alpha,1.0,1.0,,4,0,BA,0,B,24.375,23.5,0.875,1.125,-0.25,0.0,1.0,False,0.9987009763717651,2.999300956726074,True,True
perturbed,3,concept,concept__block_03__Dust,alpha,1.0,1.0,,4,0,BA,1,A,24.625,23.5,1.125,1.125,0.0,1.0,0.5,True,0.9989876747131348,3.0820789337158203,True,True
perturbed,3,concept,concept__block_03__Dust,alpha,1.0,1.0,,4,1,AB,0,A,23.75,21.875,1.875,2.25,-0.375,1.0,0.0,False,0.9994823336601257,3.102609634399414,True,True
perturbed,3,concept,concept__block_03__Dust,alpha,1.0,1.0,,4,1,AB,1,B,23.75,22.0,1.75,2.25,-0.5,0.0,1.0,False,0.9992364645004272,3.101919651031494,True,True
perturbed,3,concept,concept__block_03__Dust,alpha,1.0,1.0,,4,1,BA,0,B,24.625,22.125,2.5,2.25,0.25,0.0,0.0,False,0.9984070658683777,3.1111502647399902,True,True
perturbed,3,concept,concept__block_03__Dust,alpha,1.0,1.0,,4,1,BA,1,A,24.875,22.5,2.375,2.25,0.125,1.0,1.0,False,0.9986577033996582,3.0784847736358643,True,True
perturbed,3,concept,concept__block_03__Dust,alpha,2.0,2.0,,0,0,AB,0,A,23.875,21.875,2.0,1.625,0.375,1.0,1.0,False,1.998465657234192,3.1158385276794434,True,True
perturbed,3,concept,concept__block_03__Dust,alpha,2.0,2.0,,0,0,AB,1,B,23.375,22.375,1.0,1.625,-0.625,0.0,1.0,False,1.9979517459869385,3.0119221210479736,True,True
perturbed,3,concept,concept__block_03__Dust,alpha,2.0,2.0,,0,0,BA,0,B,24.25,22.625,1.625,1.75,-0.125,0.0,1.0,False,1.9982736110687256,3.137744665145874,True,True
perturbed,3,concept,concept__block_03__Dust,alpha,2.0,2.0,,0,0,BA,1,A,24.75,22.625,2.125,1.75,0.375,1.0,1.0,False,1.9980385303497314,2.9986531734466553,True,True
perturbed,3,concept,concept__block_03__Dust,alpha,2.0,2.0,,0,1,AB,0,A,23.75,22.25,1.5,1.5,0.0,1.0,0.5,True,1.9978694915771484,2.956418514251709,True,True
perturbed,3,concept,concept__block_03__Dust,alpha,2.0,2.0,,0,1,AB,1,B,23.875,22.625,1.25,1.5,-0.25,0.0,1.0,False,1.9982194900512695,3.151445150375366,True,True
perturbed,3,concept,concept__block_03__Dust,alpha,2.0,2.0,,0,1,BA,0,B,24.5,23.25,1.25,1.625,-0.375,0.0,1.0,False,1.998349905014038,2.96566104888916,True,True
perturbed,3,concept,concept__block_03__Dust,alpha,2.0,2.0,,0,1,BA,1,A,25.0,23.25,1.75,1.625,0.125,1.0,1.0,False,1.998841404914856,3.122593641281128,True,True
perturbed,3,concept,concept__block_03__Dust,alpha,2.0,2.0,,1,0,AB,0,A,23.625,21.125,2.5,1.875,0.625,1.0,1.0,False,1.9973385334014893,3.1793065071105957,True,True
perturbed,3,concept,concept__block_03__Dust,alpha,2.0,2.0,,1,0,AB,1,B,22.625,21.375,1.25,1.875,-0.625,0.0,1.0,False,1.9983015060424805,2.9485650062561035,True,True
perturbed,3,concept,concept__block_03__Dust,alpha,2.0,2.0,,1,0,BA,0,B,23.5,23.375,0.125,1.125,-1.0,0.0,1.0,False,1.9967314004898071,3.18035626411438,True,True
perturbed,3,concept,concept__block_03__Dust,alpha,2.0,2.0,,1,0,BA,1,A,24.0,22.625,1.375,1.125,0.25,1.0,1.0,False,1.998863935470581,2.914806604385376,True,True
perturbed,3,concept,concept__block_03__Dust,alpha,2.0,2.0,,1,1,AB,0,A,23.625,21.5,2.125,2.0,0.125,1.0,1.0,False,1.998075246810913,2.872736930847168,True,True
perturbed,3,concept,concept__block_03__Dust,alpha,2.0,2.0,,1,1,AB,1,B,23.875,22.25,1.625,2.0,-0.375,0.0,1.0,False,1.995668888092041,3.1747477054595947,True,True
perturbed,3,concept,concept__block_03__Dust,alpha,2.0,2.0,,1,1,BA,0,B,23.75,23.375,0.375,0.375,0.0,0.0,0.5,True,1.9992294311523438,2.886274576187134,True,True
perturbed,3,concept,concept__block_03__Dust,alpha,2.0,2.0,,1,1,BA,1,A,24.5,23.875,0.625,0.375,0.25,1.0,1.0,False,1.9974762201309204,3.1739015579223633,True,True
perturbed,3,concept,concept__block_03__Dust,alpha,2.0,2.0,,2,0,AB,0,A,24.625,22.875,1.75,1.5,0.25,1.0,1.0,False,1.998346209526062,2.9803566932678223,True,True
perturbed,3,concept,concept__block_03__Dust,alpha,2.0,2.0,,2,0,AB,1,B,24.375,23.75,0.625,1.5,-0.875,0.0,1.0,False,1.9992902278900146,3.0635969638824463,True,True
perturbed,3,concept,concept__block_03__Dust,alpha,2.0,2.0,,2,0,BA,0,B,24.75,23.25,1.5,1.75,-0.25,0.0,1.0,False,1.9974277019500732,3.002148389816284,True,True
perturbed,3,concept,concept__block_03__Dust,alpha,2.0,2.0,,2,0,BA,1,A,25.25,23.5,1.75,1.75,0.0,1.0,0.5,True,1.9998986721038818,3.054969310760498,True,True
perturbed,3,concept,concept__block_03__Dust,alpha,2.0,2.0,,2,1,AB,0,A,24.125,22.75,1.375,1.25,0.125,1.0,1.0,False,1.9983055591583252,3.1238980293273926,True,True
perturbed,3,concept,concept__block_03__Dust,alpha,2.0,2.0,,2,1,AB,1,B,23.625,22.5,1.125,1.25,-0.125,0.0,1.0,False,1.9988315105438232,3.0577123165130615,True,True
perturbed,3,concept,concept__block_03__Dust,alpha,2.0,2.0,,2,1,BA,0,B,24.25,23.5,0.75,1.25,-0.5,0.0,1.0,False,1.9981534481048584,3.1220011711120605,True,True
perturbed,3,concept,concept__block_03__Dust,alpha,2.0,2.0,,2,1,BA,1,A,24.5,23.25,1.25,1.25,0.0,1.0,0.5,True,1.999081015586853,3.0351974964141846,True,True
perturbed,3,concept,concept__block_03__Dust,alpha,2.0,2.0,,3,0,AB,0,A,23.875,21.5,2.375,2.75,-0.375,1.0,0.0,False,1.998835563659668,3.063141345977783,True,True
perturbed,3,concept,concept__block_03__Dust,alpha,2.0,2.0,,3,0,AB,1,B,24.25,21.875,2.375,2.75,-0.375,0.0,1.0,False,1.9981153011322021,3.2583935260772705,True,True
perturbed,3,concept,concept__block_03__Dust,alpha,2.0,2.0,,3,0,BA,0,B,24.375,23.125,1.25,1.5,-0.25,0.0,1.0,False,1.9983689785003662,3.082369804382324,True,True
perturbed,3,concept,concept__block_03__Dust,alpha,2.0,2.0,,3,0,BA,1,A,25.125,23.5,1.625,1.5,0.125,1.0,1.0,False,1.997739553451538,3.265042304992676,True,True
perturbed,3,concept,concept__block_03__Dust,alpha,2.0,2.0,,3,1,AB,0,A,24.0,21.625,2.375,2.75,-0.375,1.0,0.0,False,1.9978837966918945,3.1888463497161865,True,True
perturbed,3,concept,concept__block_03__Dust,alpha,2.0,2.0,,3,1,AB,1,B,23.375,21.25,2.125,2.75,-0.625,0.0,1.0,False,1.9978854656219482,3.1481528282165527,True,True
perturbed,3,concept,concept__block_03__Dust,alpha,2.0,2.0,,3,1,BA,0,B,24.75,22.875,1.875,1.875,0.0,0.0,0.5,True,1.9982799291610718,3.1988089084625244,True,True
perturbed,3,concept,concept__block_03__Dust,alpha,2.0,2.0,,3,1,BA,1,A,24.875,22.875,2.0,1.875,0.125,1.0,1.0,False,1.9985198974609375,3.134244680404663,True,True
perturbed,3,concept,concept__block_03__Dust,alpha,2.0,2.0,,4,0,AB,0,A,24.25,21.375,2.875,2.375,0.5,1.0,1.0,False,1.9974374771118164,3.0116465091705322,True,True
perturbed,3,concept,concept__block_03__Dust,alpha,2.0,2.0,,4,0,AB,1,B,24.125,22.0,2.125,2.375,-0.25,0.0,1.0,False,1.9984358549118042,3.0958008766174316,True,True
perturbed,3,concept,concept__block_03__Dust,alpha,2.0,2.0,,4,0,BA,0,B,24.125,23.875,0.25,1.125,-0.875,0.0,1.0,False,1.996962547302246,2.999300956726074,True,True
perturbed,3,concept,concept__block_03__Dust,alpha,2.0,2.0,,4,0,BA,1,A,24.875,23.75,1.125,1.125,0.0,1.0,0.5,True,1.998043417930603,3.0820789337158203,True,True
perturbed,3,concept,concept__block_03__Dust,alpha,2.0,2.0,,4,1,AB,0,A,24.0,22.125,1.875,2.25,-0.375,1.0,0.0,False,1.9975852966308594,3.102609634399414,True,True
perturbed,3,concept,concept__block_03__Dust,alpha,2.0,2.0,,4,1,AB,1,B,23.875,22.25,1.625,2.25,-0.625,0.0,1.0,False,1.9982821941375732,3.101919651031494,True,True
perturbed,3,concept,concept__block_03__Dust,alpha,2.0,2.0,,4,1,BA,0,B,24.5,22.25,2.25,2.25,0.0,0.0,0.5,True,1.9991681575775146,3.1111502647399902,True,True
perturbed,3,concept,concept__block_03__Dust,alpha,2.0,2.0,,4,1,BA,1,A,25.25,22.75,2.5,2.25,0.25,1.0,1.0,False,1.9983266592025757,3.0784847736358643,True,True
perturbed,3,concept,concept__block_03__Dust,alpha,4.0,4.0,,0,0,AB,0,A,24.5,22.5,2.0,1.625,0.375,1.0,1.0,False,3.995692491531372,3.1158385276794434,True,True
perturbed,3,concept,concept__block_03__Dust,alpha,4.0,4.0,,0,0,AB,1,B,24.0,23.125,0.875,1.625,-0.75,0.0,1.0,False,3.997750759124756,3.0119221210479736,True,True
perturbed,3,concept,concept__block_03__Dust,alpha,4.0,4.0,,0,0,BA,0,B,24.125,23.75,0.375,1.75,-1.375,0.0,1.0,False,3.997176170349121,3.137744665145874,True,True
perturbed,3,concept,concept__block_03__Dust,alpha,4.0,4.0,,0,0,BA,1,A,25.5,23.125,2.375,1.75,0.625,1.0,1.0,False,3.994933605194092,2.9986531734466553,True,True
perturbed,3,concept,concept__block_03__Dust,alpha,4.0,4.0,,0,1,AB,0,A,24.75,23.125,1.625,1.5,0.125,1.0,1.0,False,3.9961371421813965,2.956418514251709,True,True
perturbed,3,concept,concept__block_03__Dust,alpha,4.0,4.0,,0,1,AB,1,B,24.125,23.25,0.875,1.5,-0.625,0.0,1.0,False,3.9954118728637695,3.151445150375366,True,True
perturbed,3,concept,concept__block_03__Dust,alpha,4.0,4.0,,0,1,BA,0,B,24.625,24.375,0.25,1.625,-1.375,0.0,1.0,False,3.9973108768463135,2.96566104888916,True,True
perturbed,3,concept,concept__block_03__Dust,alpha,4.0,4.0,,0,1,BA,1,A,25.625,23.5,2.125,1.625,0.5,1.0,1.0,False,3.996066093444824,3.122593641281128,True,True
perturbed,3,concept,concept__block_03__Dust,alpha,4.0,4.0,,1,0,AB,0,A,24.625,21.625,3.0,1.875,1.125,1.0,1.0,False,3.9973182678222656,3.1793065071105957,True,True
perturbed,3,concept,concept__block_03__Dust,alpha,4.0,4.0,,1,0,AB,1,B,23.25,22.25,1.0,1.875,-0.875,0.0,1.0,False,3.9939751625061035,2.9485650062561035,True,True
perturbed,3,concept,concept__block_03__Dust,alpha,4.0,4.0,,1,0,BA,0,B,24.25,24.25,0.0,1.125,-1.125,0.5,1.0,False,3.9960384368896484,3.18035626411438,True,True
perturbed,3,concept,concept__block_03__Dust,alpha,4.0,4.0,,1,0,BA,1,A,24.875,23.25,1.625,1.125,0.5,1.0,1.0,False,3.994006395339966,2.914806604385376,True,True
perturbed,3,concept,concept__block_03__Dust,alpha,4.0,4.0,,1,1,AB,0,A,24.5,22.875,1.625,2.0,-0.375,1.0,0.0,False,3.995128870010376,2.872736930847168,True,True
perturbed,3,concept,concept__block_03__Dust,alpha,4.0,4.0,,1,1,AB,1,B,24.25,23.125,1.125,2.0,-0.875,0.0,1.0,False,3.9977474212646484,3.1747477054595947,True,True
perturbed,3,concept,concept__block_03__Dust,alpha,4.0,4.0,,1,1,BA,0,B,24.25,24.125,0.125,0.375,-0.25,0.0,1.0,False,3.996042251586914,2.886274576187134,True,True
perturbed,3,concept,concept__block_03__Dust,alpha,4.0,4.0,,1,1,BA,1,A,25.375,24.0,1.375,0.375,1.0,1.0,1.0,False,3.9962692260742188,3.1739015579223633,True,True
perturbed,3,concept,concept__block_03__Dust,alpha,4.0,4.0,,2,0,AB,0,A,24.75,23.25,1.5,1.5,0.0,1.0,0.5,True,3.9958510398864746,2.9803566932678223,True,True
perturbed,3,concept,concept__block_03__Dust,alpha,4.0,4.0,,2,0,AB,1,B,24.375,23.875,0.5,1.5,-1.0,0.0,1.0,False,3.9954752922058105,3.0635969638824463,True,True
perturbed,3,concept,concept__block_03__Dust,alpha,4.0,4.0,,2,0,BA,0,B,25.125,23.875,1.25,1.75,-0.5,0.0,1.0,False,3.995659351348877,3.002148389816284,True,True
perturbed,3,concept,concept__block_03__Dust,alpha,4.0,4.0,,2,0,BA,1,A,25.75,23.875,1.875,1.75,0.125,1.0,1.0,False,3.9981772899627686,3.054969310760498,True,True
perturbed,3,concept,concept__block_03__Dust,alpha,4.0,4.0,,2,1,AB,0,A,24.625,23.125,1.5,1.25,0.25,1.0,1.0,False,3.9992618560791016,3.1238980293273926,True,True
perturbed,3,concept,concept__block_03__Dust,alpha,4.0,4.0,,2,1,AB,1,B,24.0,22.5,1.5,1.25,0.25,0.0,0.0,False,3.9931960105895996,3.0577123165130615,True,True
perturbed,3,concept,concept__block_03__Dust,alpha,4.0,4.0,,2,1,BA,0,B,24.5,24.375,0.125,1.25,-1.125,0.0,1.0,False,3.996065139770508,3.1220011711120605,True,True
perturbed,3,concept,concept__block_03__Dust,alpha,4.0,4.0,,2,1,BA,1,A,24.875,23.75,1.125,1.25,-0.125,1.0,0.0,False,3.992609739303589,3.0351974964141846,True,True
perturbed,3,concept,concept__block_03__Dust,alpha,4.0,4.0,,3,0,AB,0,A,24.25,22.5,1.75,2.75,-1.0,1.0,0.0,False,3.996613025665283,3.063141345977783,True,True
perturbed,3,concept,concept__block_03__Dust,alpha,4.0,4.0,,3,0,AB,1,B,24.5,22.625,1.875,2.75,-0.875,0.0,1.0,False,3.994722366333008,3.2583935260772705,True,True
perturbed,3,concept,concept__block_03__Dust,alpha,4.0,4.0,,3,0,BA,0,B,24.5,24.0,0.5,1.5,-1.0,0.0,1.0,False,3.9967200756073,3.082369804382324,True,True
perturbed,3,concept,concept__block_03__Dust,alpha,4.0,4.0,,3,0,BA,1,A,26.0,23.25,2.75,1.5,1.25,1.0,1.0,False,3.996189594268799,3.265042304992676,True,True
perturbed,3,concept,concept__block_03__Dust,alpha,4.0,4.0,,3,1,AB,0,A,24.875,23.125,1.75,2.75,-1.0,1.0,0.0,False,3.994187831878662,3.1888463497161865,True,True
perturbed,3,concept,concept__block_03__Dust,alpha,4.0,4.0,,3,1,AB,1,B,23.625,22.25,1.375,2.75,-1.375,0.0,1.0,False,3.9954774379730225,3.1481528282165527,True,True
perturbed,3,concept,concept__block_03__Dust,alpha,4.0,4.0,,3,1,BA,0,B,25.0,24.0,1.0,1.875,-0.875,0.0,1.0,False,3.9958863258361816,3.1988089084625244,True,True
perturbed,3,concept,concept__block_03__Dust,alpha,4.0,4.0,,3,1,BA,1,A,25.5,23.0,2.5,1.875,0.625,1.0,1.0,False,3.998228073120117,3.134244680404663,True,True
perturbed,3,concept,concept__block_03__Dust,alpha,4.0,4.0,,4,0,AB,0,A,25.5,22.875,2.625,2.375,0.25,1.0,1.0,False,3.9962778091430664,3.0116465091705322,True,True
perturbed,3,concept,concept__block_03__Dust,alpha,4.0,4.0,,4,0,AB,1,B,24.5,23.0,1.5,2.375,-0.875,0.0,1.0,False,3.9952762126922607,3.0958008766174316,True,True
perturbed,3,concept,concept__block_03__Dust,alpha,4.0,4.0,,4,0,BA,0,B,24.625,25.0,-0.375,1.125,-1.5,1.0,1.0,False,3.9957988262176514,2.999300956726074,True,True
perturbed,3,concept,concept__block_03__Dust,alpha,4.0,4.0,,4,0,BA,1,A,25.875,24.375,1.5,1.125,0.375,1.0,1.0,False,3.997607707977295,3.0820789337158203,True,True
perturbed,3,concept,concept__block_03__Dust,alpha,4.0,4.0,,4,1,AB,0,A,25.5,23.5,2.0,2.25,-0.25,1.0,0.0,False,3.996764659881592,3.102609634399414,True,True
perturbed,3,concept,concept__block_03__Dust,alpha,4.0,4.0,,4,1,AB,1,B,24.5,23.625,0.875,2.25,-1.375,0.0,1.0,False,3.9972829818725586,3.101919651031494,True,True
perturbed,3,concept,concept__block_03__Dust,alpha,4.0,4.0,,4,1,BA,0,B,25.375,24.25,1.125,2.25,-1.125,0.0,1.0,False,3.99621844291687,3.1111502647399902,True,True
perturbed,3,concept,concept__block_03__Dust,alpha,4.0,4.0,,4,1,BA,1,A,26.125,23.5,2.625,2.25,0.375,1.0,1.0,False,3.9965274333953857,3.0784847736358643,True,True
