layer,task,mapping,metric,estimate,ci_low,ci_high,n_shams,n_clusters,n_excluded_task,bootstrap_iterations,seed
0,presence,pooled,false_alarm_rate,0.0,0.0,0.0,40,5,0,2000,20260914
0,presence,pooled,x_choice_rate,0.5,0.5,0.5,40,5,0,2000,20260914
0,presence,pooled,mean_margin,-3.734375,-3.928125,-3.5467968750000005,40,5,0,2000,20260914
0,presence,pooled,tie_rate,0.0,0.0,0.0,40,5,0,2000,20260914
0,presence,XY,false_alarm_rate,0.0,0.0,0.0,20,5,0,2000,20260914
0,presence,XY,x_choice_rate,0.0,0.0,0.0,20,5,0,2000,20260914
0,presence,XY,mean_margin,-3.43125,-3.61875,-3.24375,20,5,0,2000,20260914
0,presence,XY,tie_rate,0.0,0.0,0.0,20,5,0,2000,20260914
0,presence,YX,false_alarm_rate,0.0,0.0,0.0,20,5,0,2000,20260914
0,presence,YX,x_choice_rate,1.0,1.0,1.0,20,5,0,2000,20260914
0,presence,YX,mean_margin,-4.0375,-4.24375,-3.86875,20,5,0,2000,20260914
0,presence,YX,tie_rate,0.0,0.0,0.0,20,5,0,2000,20260914
1,presence,pooled,false_alarm_rate,0.0,0.0,0.0,40,5,0,2000,20260914
1,presence,pooled,x_choice_rate,0.5,0.5,0.5,40,5,0,2000,20260914
1,presence,pooled,mean_margin,-3.734375,-3.9096875,-3.54375,40,5,0,2000,20260914
1,presence,pooled,tie_rate,0.0,0.0,0.0,40,5,0,2000,20260914
1,presence,XY,false_alarm_rate,0.0,0.0,0.0,20,5,0,2000,20260914
1,presence,XY,x_choice_rate,0.0,0.0,0.0,20,5,0,2000,20260914
1,presence,XY,mean_margin,-3.43125,-3.61875,-3.24375,20,5,0,2000,20260914
1,presence,XY,tie_rate,0.0,0.0,0.0,20,5,0,2000,20260914
1,presence,YX,false_alarm_rate,0.0,0.0,0.0,20,5,0,2000,20260914
1,presence,YX,x_choice_rate,1.0,1.0,1.0,20,5,0,2000,20260914
1,presence,YX,mean_margin,-4.0375,-4.24375,-3.8625,20,5,0,2000,20260914
1,presence,YX,tie_rate,0.0,0.0,0.0,20,5,0,2000,20260914
2,presence,pooled,false_alarm_rate,0.0,0.0,0.0,40,5,0,2000,20260914
2,presence,pooled,x_choice_rate,0.5,0.5,0.5,40,5,0,2000,20260914
2,presence,pooled,mean_margin,-3.734375,-3.928125,-3.54375,40,5,0,2000,20260914
2,presence,pooled,tie_rate,0.0,0.0,0.0,40,5,0,2000,20260914
2,presence,XY,false_alarm_rate,0.0,0.0,0.0,20,5,0,2000,20260914
2,presence,XY,x_choice_rate,0.0,0.0,0.0,20,5,0,2000,20260914
2,presence,XY,mean_margin,-3.43125,-3.61875,-3.24375,20,5,0,2000,20260914
2,presence,XY,tie_rate,0.0,0.0,0.0,20,5,0,2000,20260914
2,presence,YX,false_alarm_rate,0.0,0.0,0.0,20,5,0,2000,20260914
2,presence,YX,x_choice_rate,1.0,1.0,1.0,20,5,0,2000,20260914
2,presence,YX,mean_margin,-4.0375,-4.24375,-3.86875,20,5,0,2000,20260914
2,presence,YX,tie_rate,0.0,0.0,0.0,20,5,0,2000,20260914
3,presence,pooled,false_alarm_rate,0.0,0.0,0.0,40,5,0,2000,20260914
3,presence,pooled,x_choice_rate,0.5,0.5,0.5,40,5,0,2000,20260914
3,presence,pooled,mean_margin,-3.734375,-3.928125,-3.546875,40,5,0,2000,20260914
3,presence,pooled,tie_rate,0.0,0.0,0.0,40,5,0,2000,20260914
3,presence,XY,false_alarm_rate,0.0,0.0,0.0,20,5,0,2000,20260914
3,presence,XY,x_choice_rate,0.0,0.0,0.0,20,5,0,2000,20260914
3,presence,XY,mean_margin,-3.43125,-3.61875,-3.24375,20,5,0,2000,20260914
3,presence,XY,tie_rate,0.0,0.0,0.0,20,5,0,2000,20260914
3,presence,YX,false_alarm_rate,0.0,0.0,0.0,20,5,0,2000,20260914
3,presence,YX,x_choice_rate,1.0,1.0,1.0,20,5,0,2000,20260914
3,presence,YX,mean_margin,-4.0375,-4.23765625,-3.868593750000001,20,5,0,2000,20260914
3,presence,YX,tie_rate,0.0,0.0,0.0,20,5,0,2000,20260914
4,presence,pooled,false_alarm_rate,0.0,0.0,0.0,40,5,0,2000,20260914
4,presence,pooled,x_choice_rate,0.5,0.5,0.5,40,5,0,2000,20260914
4,presence,pooled,mean_margin,-3.734375,-3.921875,-3.54375,40,5,0,2000,20260914
4,presence,pooled,tie_rate,0.0,0.0,0.0,40,5,0,2000,20260914
4,presence,XY,false_alarm_rate,0.0,0.0,0.0,20,5,0,2000,20260914
4,presence,XY,x_choice_rate,0.0,0.0,0.0,20,5,0,2000,20260914
4,presence,XY,mean_margin,-3.43125,-3.6375,-3.24375,20,5,0,2000,20260914
4,presence,XY,tie_rate,0.0,0.0,0.0,20,5,0,2000,20260914
4,presence,YX,false_alarm_rate,0.0,0.0,0.0,20,5,0,2000,20260914
4,presence,YX,x_choice_rate,1.0,1.0,1.0,20,5,0,2000,20260914
4,presence,YX,mean_margin,-4.0375,-4.24375,-3.86875,20,5,0,2000,20260914
4,presence,YX,tie_rate,0.0,0.0,0.0,20,5,0,2000,20260914
5,presence,pooled,false_alarm_rate,0.0,0.0,0.0,40,5,0,2000,20260914
5,presence,pooled,x_choice_rate,0.5,0.5,0.5,40,5,0,2000,20260914
5,presence,pooled,mean_margin,-3.734375,-3.921875,-3.54375,40,5,0,2000,20260914
5,presence,pooled,tie_rate,0.0,0.0,0.0,40,5,0,2000,20260914
5,presence,XY,false_alarm_rate,0.0,0.0,0.0,20,5,0,2000,20260914
5,presence,XY,x_choice_rate,0.0,0.0,0.0,20,5,0,2000,20260914
5,presence,XY,mean_margin,-3.43125,-3.6375,-3.21875,20,5,0,2000,20260914
5,presence,XY,tie_rate,0.0,0.0,0.0,20,5,0,2000,20260914
5,presence,YX,false_alarm_rate,0.0,0.0,0.0,20,5,0,2000,20260914
5,presence,YX,x_choice_rate,1.0,1.0,1.0,20,5,0,2000,20260914
5,presence,YX,mean_margin,-4.0375,-4.24375,-3.8625,20,5,0,2000,20260914
5,presence,YX,tie_rate,0.0,0.0,0.0,20,5,0,2000,20260914
6,presence,pooled,false_alarm_rate,0.0,0.0,0.0,40,5,0,2000,20260914
6,presence,pooled,x_choice_rate,0.5,0.5,0.5,40,5,0,2000,20260914
6,presence,pooled,mean_margin,-3.734375,-3.928125,-3.54375,40,5,0,2000,20260914
6,presence,pooled,tie_rate,0.0,0.0,0.0,40,5,0,2000,20260914
6,presence,XY,false_alarm_rate,0.0,0.0,0.0,20,5,0,2000,20260914
6,presence,XY,x_choice_rate,0.0,0.0,0.0,20,5,0,2000,20260914
6,presence,XY,mean_margin,-3.43125,-3.6375,-3.225,20,5,0,2000,20260914
6,presence,XY,tie_rate,0.0,0.0,0.0,20,5,0,2000,20260914
6,presence,YX,false_alarm_rate,0.0,0.0,0.0,20,5,0,2000,20260914
6,presence,YX,x_choice_rate,1.0,1.0,1.0,20,5,0,2000,20260914
6,presence,YX,mean_margin,-4.0375,-4.24375,-3.8625,20,5,0,2000,20260914
6,presence,YX,tie_rate,0.0,0.0,0.0,20,5,0,2000,20260914
7,presence,pooled,false_alarm_rate,0.0,0.0,0.0,40,5,0,2000,20260914
7,presence,pooled,x_choice_rate,0.5,0.5,0.5,40,5,0,2000,20260914
7,presence,pooled,mean_margin,-3.734375,-3.921875,-3.546875,40,5,0,2000,20260914
7,presence,pooled,tie_rate,0.0,0.0,0.0,40,5,0,2000,20260914
7,presence,XY,false_alarm_rate,0.0,0.0,0.0,20,5,0,2000,20260914
7,presence,XY,x_choice_rate,0.0,0.0,0.0,20,5,0,2000,20260914
7,presence,XY,mean_margin,-3.43125,-3.61875,-3.24375,20,5,0,2000,20260914
7,presence,XY,tie_rate,0.0,0.0,0.0,20,5,0,2000,20260914
7,presence,YX,false_alarm_rate,0.0,0.0,0.0,20,5,0,2000,20260914
7,presence,YX,x_choice_rate,1.0,1.0,1.0,20,5,0,2000,20260914
7,presence,YX,mean_margin,-4.0375,-4.23765625,-3.8625,20,5,0,2000,20260914
7,presence,YX,tie_rate,0.0,0.0,0.0,20,5,0,2000,20260914
8,presence,pooled,false_alarm_rate,0.0,0.0,0.0,40,5,0,2000,20260914
8,presence,pooled,x_choice_rate,0.5,0.5,0.5,40,5,0,2000,20260914
8,presence,pooled,mean_margin,-3.734375,-3.928125,-3.565625,40,5,0,2000,20260914
8,presence,pooled,tie_rate,0.0,0.0,0.0,40,5,0,2000,20260914
8,presence,XY,false_alarm_rate,0.0,0.0,0.0,20,5,0,2000,20260914
8,presence,XY,x_choice_rate,0.0,0.0,0.0,20,5,0,2000,20260914
8,presence,XY,mean_margin,-3.43125,-3.61875,-3.24375,20,5,0,2000,20260914
8,presence,XY,tie_rate,0.0,0.0,0.0,20,5,0,2000,20260914
8,presence,YX,false_alarm_rate,0.0,0.0,0.0,20,5,0,2000,20260914
8,presence,YX,x_choice_rate,1.0,1.0,1.0,20,5,0,2000,20260914
8,presence,YX,mean_margin,-4.0375,-4.24375,-3.85,20,5,0,2000,20260914
8,presence,YX,tie_rate,0.0,0.0,0.0,20,5,0,2000,20260914
9,presence,pooled,false_alarm_rate,0.0,0.0,0.0,40,5,0,2000,20260914
9,presence,pooled,x_choice_rate,0.5,0.5,0.5,40,5,0,2000,20260914
9,presence,pooled,mean_margin,-3.734375,-3.921875,-3.54375,40,5,0,2000,20260914
9,presence,pooled,tie_rate,0.0,0.0,0.0,40,5,0,2000,20260914
9,presence,XY,false_alarm_rate,0.0,0.0,0.0,20,5,0,2000,20260914
9,presence,XY,x_choice_rate,0.0,0.0,0.0,20,5,0,2000,20260914
9,presence,XY,mean_margin,-3.43125,-3.61875,-3.24375,20,5,0,2000,20260914
9,presence,XY,tie_rate,0.0,0.0,0.0,20,5,0,2000,20260914
9,presence,YX,false_alarm_rate,0.0,0.0,0.0,20,5,0,2000,20260914
9,presence,YX,x_choice_rate,1.0,1.0,1.0,20,5,0,2000,20260914
9,presence,YX,mean_margin,-4.0375,-4.24375,-3.8625,20,5,0,2000,20260914
9,presence,YX,tie_rate,0.0,0.0,0.0,20,5,0,2000,20260914
10,presence,pooled,false_alarm_rate,0.0,0.0,0.0,40,5,0,2000,20260914
10,presence,pooled,x_choice_rate,0.5,0.5,0.5,40,5,0,2000,20260914
10,presence,pooled,mean_margin,-3.734375,-3.928125,-3.5467968750000005,40,5,0,2000,20260914
10,presence,pooled,tie_rate,0.0,0.0,0.0,40,5,0,2000,20260914
10,presence,XY,false_alarm_rate,0.0,0.0,0.0,20,5,0,2000,20260914
10,presence,XY,x_choice_rate,0.0,0.0,0.0,20,5,0,2000,20260914
10,presence,XY,mean_margin,-3.43125,-3.61875,-3.2432812500000026,20,5,0,2000,20260914
10,presence,XY,tie_rate,0.0,0.0,0.0,20,5,0,2000,20260914
10,presence,YX,false_alarm_rate,0.0,0.0,0.0,20,5,0,2000,20260914
10,presence,YX,x_choice_rate,1.0,1.0,1.0,20,5,0,2000,20260914
10,presence,YX,mean_margin,-4.0375,-4.24375,-3.86875,20,5,0,2000,20260914
10,presence,YX,tie_rate,0.0,0.0,0.0,20,5,0,2000,20260914
11,presence,pooled,false_alarm_rate,0.0,0.0,0.0,40,5,0,2000,20260914
11,presence,pooled,x_choice_rate,0.5,0.5,0.5,40,5,0,2000,20260914
11,presence,pooled,mean_margin,-3.734375,-3.909375,-3.54375,40,5,0,2000,20260914
11,presence,pooled,tie_rate,0.0,0.0,0.0,40,5,0,2000,20260914
11,presence,XY,false_alarm_rate,0.0,0.0,0.0,20,5,0,2000,20260914
11,presence,XY,x_choice_rate,0.0,0.0,0.0,20,5,0,2000,20260914
11,presence,XY,mean_margin,-3.43125,-3.61875,-3.24375,20,5,0,2000,20260914
11,presence,XY,tie_rate,0.0,0.0,0.0,20,5,0,2000,20260914
11,presence,YX,false_alarm_rate,0.0,0.0,0.0,20,5,0,2000,20260914
11,presence,YX,x_choice_rate,1.0,1.0,1.0,20,5,0,2000,20260914
11,presence,YX,mean_margin,-4.0375,-4.2375,-3.8625,20,5,0,2000,20260914
11,presence,YX,tie_rate,0.0,0.0,0.0,20,5,0,2000,20260914
12,presence,pooled,false_alarm_rate,0.0,0.0,0.0,40,5,0,2000,20260914
12,presence,pooled,x_choice_rate,0.5,0.5,0.5,40,5,0,2000,20260914
12,presence,pooled,mean_margin,-3.734375,-3.928125,-3.565625,40,5,0,2000,20260914
12,presence,pooled,tie_rate,0.0,0.0,0.0,40,5,0,2000,20260914
12,presence,XY,false_alarm_rate,0.0,0.0,0.0,20,5,0,2000,20260914
12,presence,XY,x_choice_rate,0.0,0.0,0.0,20,5,0,2000,20260914
12,presence,XY,mean_margin,-3.43125,-3.6375,-3.24375,20,5,0,2000,20260914
12,presence,XY,tie_rate,0.0,0.0,0.0,20,5,0,2000,20260914
12,presence,YX,false_alarm_rate,0.0,0.0,0.0,20,5,0,2000,20260914
12,presence,YX,x_choice_rate,1.0,1.0,1.0,20,5,0,2000,20260914
12,presence,YX,mean_margin,-4.0375,-4.24375,-3.8625,20,5,0,2000,20260914
12,presence,YX,tie_rate,0.0,0.0,0.0,20,5,0,2000,20260914
13,presence,pooled,false_alarm_rate,0.0,0.0,0.0,40,5,0,2000,20260914
13,presence,pooled,x_choice_rate,0.5,0.5,0.5,40,5,0,2000,20260914
13,presence,pooled,mean_margin,-3.734375,-3.928125,-3.54375,40,5,0,2000,20260914
13,presence,pooled,tie_rate,0.0,0.0,0.0,40,5,0,2000,20260914
13,presence,XY,false_alarm_rate,0.0,0.0,0.0,20,5,0,2000,20260914
13,presence,XY,x_choice_rate,0.0,0.0,0.0,20,5,0,2000,20260914
13,presence,XY,mean_margin,-3.43125,-3.61875,-3.24375,20,5,0,2000,20260914
13,presence,XY,tie_rate,0.0,0.0,0.0,20,5,0,2000,20260914
13,presence,YX,false_alarm_rate,0.0,0.0,0.0,20,5,0,2000,20260914
13,presence,YX,x_choice_rate,1.0,1.0,1.0,20,5,0,2000,20260914
13,presence,YX,mean_margin,-4.0375,-4.24375,-3.8625,20,5,0,2000,20260914
13,presence,YX,tie_rate,0.0,0.0,0.0,20,5,0,2000,20260914
14,presence,pooled,false_alarm_rate,0.0,0.0,0.0,40,5,0,2000,20260914
14,presence,pooled,x_choice_rate,0.5,0.5,0.5,40,5,0,2000,20260914
14,presence,pooled,mean_margin,-3.734375,-3.921875,-3.55,40,5,0,2000,20260914
14,presence,pooled,tie_rate,0.0,0.0,0.0,40,5,0,2000,20260914
14,presence,XY,false_alarm_rate,0.0,0.0,0.0,20,5,0,2000,20260914
14,presence,XY,x_choice_rate,0.0,0.0,0.0,20,5,0,2000,20260914
14,presence,XY,mean_margin,-3.43125,-3.61875,-3.24375,20,5,0,2000,20260914
14,presence,XY,tie_rate,0.0,0.0,0.0,20,5,0,2000,20260914
14,presence,YX,false_alarm_rate,0.0,0.0,0.0,20,5,0,2000,20260914
14,presence,YX,x_choice_rate,1.0,1.0,1.0,20,5,0,2000,20260914
14,presence,YX,mean_margin,-4.0375,-4.2375,-3.8625,20,5,0,2000,20260914
14,presence,YX,tie_rate,0.0,0.0,0.0,20,5,0,2000,20260914
15,presence,pooled,false_alarm_rate,0.0,0.0,0.0,40,5,0,2000,20260914
15,presence,pooled,x_choice_rate,0.5,0.5,0.5,40,5,0,2000,20260914
15,presence,pooled,mean_margin,-3.734375,-3.92203125,-3.546875,40,5,0,2000,20260914
15,presence,pooled,tie_rate,0.0,0.0,0.0,40,5,0,2000,20260914
15,presence,XY,false_alarm_rate,0.0,0.0,0.0,20,5,0,2000,20260914
15,presence,XY,x_choice_rate,0.0,0.0,0.0,20,5,0,2000,20260914
15,presence,XY,mean_margin,-3.43125,-3.61875,-3.24375,20,5,0,2000,20260914
15,presence,XY,tie_rate,0.0,0.0,0.0,20,5,0,2000,20260914
15,presence,YX,false_alarm_rate,0.0,0.0,0.0,20,5,0,2000,20260914
15,presence,YX,x_choice_rate,1.0,1.0,1.0,20,5,0,2000,20260914
15,presence,YX,mean_margin,-4.0375,-4.24375,-3.8621875000000014,20,5,0,2000,20260914
15,presence,YX,tie_rate,0.0,0.0,0.0,20,5,0,2000,20260914
16,presence,pooled,false_alarm_rate,0.0,0.0,0.0,40,5,0,2000,20260914
16,presence,pooled,x_choice_rate,0.5,0.5,0.5,40,5,0,2000,20260914
16,presence,pooled,mean_margin,-3.734375,-3.928125,-3.54375,40,5,0,2000,20260914
16,presence,pooled,tie_rate,0.0,0.0,0.0,40,5,0,2000,20260914
16,presence,XY,false_alarm_rate,0.0,0.0,0.0,20,5,0,2000,20260914
16,presence,XY,x_choice_rate,0.0,0.0,0.0,20,5,0,2000,20260914
16,presence,XY,mean_margin,-3.43125,-3.61875,-3.24375,20,5,0,2000,20260914
16,presence,XY,tie_rate,0.0,0.0,0.0,20,5,0,2000,20260914
16,presence,YX,false_alarm_rate,0.0,0.0,0.0,20,5,0,2000,20260914
16,presence,YX,x_choice_rate,1.0,1.0,1.0,20,5,0,2000,20260914
16,presence,YX,mean_margin,-4.0375,-4.24375,-3.8625,20,5,0,2000,20260914
16,presence,YX,tie_rate,0.0,0.0,0.0,20,5,0,2000,20260914
17,presence,pooled,false_alarm_rate,0.0,0.0,0.0,40,5,0,2000,20260914
17,presence,pooled,x_choice_rate,0.5,0.5,0.5,40,5,0,2000,20260914
17,presence,pooled,mean_margin,-3.734375,-3.928125,-3.54375,40,5,0,2000,20260914
17,presence,pooled,tie_rate,0.0,0.0,0.0,40,5,0,2000,20260914
17,presence,XY,false_alarm_rate,0.0,0.0,0.0,20,5,0,2000,20260914
17,presence,XY,x_choice_rate,0.0,0.0,0.0,20,5,0,2000,20260914
17,presence,XY,mean_margin,-3.43125,-3.61875,-3.2432812500000026,20,5,0,2000,20260914
17,presence,XY,tie_rate,0.0,0.0,0.0,20,5,0,2000,20260914
17,presence,YX,false_alarm_rate,0.0,0.0,0.0,20,5,0,2000,20260914
17,presence,YX,x_choice_rate,1.0,1.0,1.0,20,5,0,2000,20260914
17,presence,YX,mean_margin,-4.0375,-4.2375,-3.86875,20,5,0,2000,20260914
17,presence,YX,tie_rate,0.0,0.0,0.0,20,5,0,2000,20260914
18,presence,pooled,false_alarm_rate,0.0,0.0,0.0,40,5,0,2000,20260914
18,presence,pooled,x_choice_rate,0.5,0.5,0.5,40,5,0,2000,20260914
18,presence,pooled,mean_margin,-3.734375,-3.928125,-3.54375,40,5,0,2000,20260914
18,presence,pooled,tie_rate,0.0,0.0,0.0,40,5,0,2000,20260914
18,presence,XY,false_alarm_rate,0.0,0.0,0.0,20,5,0,2000,20260914
18,presence,XY,x_choice_rate,0.0,0.0,0.0,20,5,0,2000,20260914
18,presence,XY,mean_margin,-3.43125,-3.61875,-3.225,20,5,0,2000,20260914
18,presence,XY,tie_rate,0.0,0.0,0.0,20,5,0,2000,20260914
18,presence,YX,false_alarm_rate,0.0,0.0,0.0,20,5,0,2000,20260914
18,presence,YX,x_choice_rate,1.0,1.0,1.0,20,5,0,2000,20260914
18,presence,YX,mean_margin,-4.0375,-4.2375,-3.8625,20,5,0,2000,20260914
18,presence,YX,tie_rate,0.0,0.0,0.0,20,5,0,2000,20260914
19,presence,pooled,false_alarm_rate,0.0,0.0,0.0,40,5,0,2000,20260914
19,presence,pooled,x_choice_rate,0.5,0.5,0.5,40,5,0,2000,20260914
19,presence,pooled,mean_margin,-3.734375,-3.928125,-3.5467968750000005,40,5,0,2000,20260914
19,presence,pooled,tie_rate,0.0,0.0,0.0,40,5,0,2000,20260914
19,presence,XY,false_alarm_rate,0.0,0.0,0.0,20,5,0,2000,20260914
19,presence,XY,x_choice_rate,0.0,0.0,0.0,20,5,0,2000,20260914
19,presence,XY,mean_margin,-3.43125,-3.61875,-3.24375,20,5,0,2000,20260914
19,presence,XY,tie_rate,0.0,0.0,0.0,20,5,0,2000,20260914
19,presence,YX,false_alarm_rate,0.0,0.0,0.0,20,5,0,2000,20260914
19,presence,YX,x_choice_rate,1.0,1.0,1.0,20,5,0,2000,20260914
19,presence,YX,mean_margin,-4.0375,-4.24375,-3.8625,20,5,0,2000,20260914
19,presence,YX,tie_rate,0.0,0.0,0.0,20,5,0,2000,20260914
20,presence,pooled,false_alarm_rate,0.0,0.0,0.0,40,5,0,2000,20260914
20,presence,pooled,x_choice_rate,0.5,0.5,0.5,40,5,0,2000,20260914
20,presence,pooled,mean_margin,-3.734375,-3.928125,-3.54375,40,5,0,2000,20260914
20,presence,pooled,tie_rate,0.0,0.0,0.0,40,5,0,2000,20260914
20,presence,XY,false_alarm_rate,0.0,0.0,0.0,20,5,0,2000,20260914
20,presence,XY,x_choice_rate,0.0,0.0,0.0,20,5,0,2000,20260914
20,presence,XY,mean_margin,-3.43125,-3.61875,-3.24375,20,5,0,2000,20260914
20,presence,XY,tie_rate,0.0,0.0,0.0,20,5,0,2000,20260914
20,presence,YX,false_alarm_rate,0.0,0.0,0.0,20,5,0,2000,20260914
20,presence,YX,x_choice_rate,1.0,1.0,1.0,20,5,0,2000,20260914
20,presence,YX,mean_margin,-4.0375,-4.24375,-3.8625,20,5,0,2000,20260914
20,presence,YX,tie_rate,0.0,0.0,0.0,20,5,0,2000,20260914
21,presence,pooled,false_alarm_rate,0.0,0.0,0.0,40,5,0,2000,20260914
21,presence,pooled,x_choice_rate,0.5,0.5,0.5,40,5,0,2000,20260914
21,presence,pooled,mean_margin,-3.734375,-3.928125,-3.54375,40,5,0,2000,20260914
21,presence,pooled,tie_rate,0.0,0.0,0.0,40,5,0,2000,20260914
21,presence,XY,false_alarm_rate,0.0,0.0,0.0,20,5,0,2000,20260914
21,presence,XY,x_choice_rate,0.0,0.0,0.0,20,5,0,2000,20260914
21,presence,XY,mean_margin,-3.43125,-3.61875,-3.24375,20,5,0,2000,20260914
21,presence,XY,tie_rate,0.0,0.0,0.0,20,5,0,2000,20260914
21,presence,YX,false_alarm_rate,0.0,0.0,0.0,20,5,0,2000,20260914
21,presence,YX,x_choice_rate,1.0,1.0,1.0,20,5,0,2000,20260914
21,presence,YX,mean_margin,-4.0375,-4.2375,-3.8625,20,5,0,2000,20260914
21,presence,YX,tie_rate,0.0,0.0,0.0,20,5,0,2000,20260914
22,presence,pooled,false_alarm_rate,0.0,0.0,0.0,40,5,0,2000,20260914
22,presence,pooled,x_choice_rate,0.5,0.5,0.5,40,5,0,2000,20260914
22,presence,pooled,mean_margin,-3.734375,-3.93125,-3.565625,40,5,0,2000,20260914
22,presence,pooled,tie_rate,0.0,0.0,0.0,40,5,0,2000,20260914
22,presence,XY,false_alarm_rate,0.0,0.0,0.0,20,5,0,2000,20260914
22,presence,XY,x_choice_rate,0.0,0.0,0.0,20,5,0,2000,20260914
22,presence,XY,mean_margin,-3.43125,-3.61875,-3.24375,20,5,0,2000,20260914
22,presence,XY,tie_rate,0.0,0.0,0.0,20,5,0,2000,20260914
22,presence,YX,false_alarm_rate,0.0,0.0,0.0,20,5,0,2000,20260914
22,presence,YX,x_choice_rate,1.0,1.0,1.0,20,5,0,2000,20260914
22,presence,YX,mean_margin,-4.0375,-4.2375,-3.8625,20,5,0,2000,20260914
22,presence,YX,tie_rate,0.0,0.0,0.0,20,5,0,2000,20260914
23,presence,pooled,false_alarm_rate,0.0,0.0,0.0,40,5,0,2000,20260914
23,presence,pooled,x_choice_rate,0.5,0.5,0.5,40,5,0,2000,20260914
23,presence,pooled,mean_margin,-3.734375,-3.921875,-3.546875,40,5,0,2000,20260914
23,presence,pooled,tie_rate,0.0,0.0,0.0,40,5,0,2000,20260914
23,presence,XY,false_alarm_rate,0.0,0.0,0.0,20,5,0,2000,20260914
23,presence,XY,x_choice_rate,0.0,0.0,0.0,20,5,0,2000,20260914
23,presence,XY,mean_margin,-3.43125,-3.61875,-3.2432812500000026,20,5,0,2000,20260914
23,presence,XY,tie_rate,0.0,0.0,0.0,20,5,0,2000,20260914
23,presence,YX,false_alarm_rate,0.0,0.0,0.0,20,5,0,2000,20260914
23,presence,YX,x_choice_rate,1.0,1.0,1.0,20,5,0,2000,20260914
23,presence,YX,mean_margin,-4.0375,-4.24375,-3.8625,20,5,0,2000,20260914
23,presence,YX,tie_rate,0.0,0.0,0.0,20,5,0,2000,20260914
24,presence,pooled,false_alarm_rate,0.0,0.0,0.0,40,5,0,2000,20260914
24,presence,pooled,x_choice_rate,0.5,0.5,0.5,40,5,0,2000,20260914
24,presence,pooled,mean_margin,-3.734375,-3.93125,-3.54375,40,5,0,2000,20260914
24,presence,pooled,tie_rate,0.0,0.0,0.0,40,5,0,2000,20260914
24,presence,XY,false_alarm_rate,0.0,0.0,0.0,20,5,0,2000,20260914
24,presence,XY,x_choice_rate,0.0,0.0,0.0,20,5,0,2000,20260914
24,presence,XY,mean_margin,-3.43125,-3.61875,-3.24375,20,5,0,2000,20260914
24,presence,XY,tie_rate,0.0,0.0,0.0,20,5,0,2000,20260914
24,presence,YX,false_alarm_rate,0.0,0.0,0.0,20,5,0,2000,20260914
24,presence,YX,x_choice_rate,1.0,1.0,1.0,20,5,0,2000,20260914
24,presence,YX,mean_margin,-4.0375,-4.24375,-3.8625,20,5,0,2000,20260914
24,presence,YX,tie_rate,0.0,0.0,0.0,20,5,0,2000,20260914
25,presence,pooled,false_alarm_rate,0.0,0.0,0.0,40,5,0,2000,20260914
25,presence,pooled,x_choice_rate,0.5,0.5,0.5,40,5,0,2000,20260914
25,presence,pooled,mean_margin,-3.734375,-3.921875,-3.546875,40,5,0,2000,20260914
25,presence,pooled,tie_rate,0.0,0.0,0.0,40,5,0,2000,20260914
25,presence,XY,false_alarm_rate,0.0,0.0,0.0,20,5,0,2000,20260914
25,presence,XY,x_choice_rate,0.0,0.0,0.0,20,5,0,2000,20260914
25,presence,XY,mean_margin,-3.43125,-3.61875,-3.24375,20,5,0,2000,20260914
25,presence,XY,tie_rate,0.0,0.0,0.0,20,5,0,2000,20260914
25,presence,YX,false_alarm_rate,0.0,0.0,0.0,20,5,0,2000,20260914
25,presence,YX,x_choice_rate,1.0,1.0,1.0,20,5,0,2000,20260914
25,presence,YX,mean_margin,-4.0375,-4.24375,-3.8625,20,5,0,2000,20260914
25,presence,YX,tie_rate,0.0,0.0,0.0,20,5,0,2000,20260914
26,presence,pooled,false_alarm_rate,0.0,0.0,0.0,40,5,0,2000,20260914
26,presence,pooled,x_choice_rate,0.5,0.5,0.5,40,5,0,2000,20260914
26,presence,pooled,mean_margin,-3.734375,-3.909375,-3.54375,40,5,0,2000,20260914
26,presence,pooled,tie_rate,0.0,0.0,0.0,40,5,0,2000,20260914
26,presence,XY,false_alarm_rate,0.0,0.0,0.0,20,5,0,2000,20260914
26,presence,XY,x_choice_rate,0.0,0.0,0.0,20,5,0,2000,20260914
26,presence,XY,mean_margin,-3.43125,-3.6253125,-3.225,20,5,0,2000,20260914
26,presence,XY,tie_rate,0.0,0.0,0.0,20,5,0,2000,20260914
26,presence,YX,false_alarm_rate,0.0,0.0,0.0,20,5,0,2000,20260914
26,presence,YX,x_choice_rate,1.0,1.0,1.0,20,5,0,2000,20260914
26,presence,YX,mean_margin,-4.0375,-4.24375,-3.86875,20,5,0,2000,20260914
26,presence,YX,tie_rate,0.0,0.0,0.0,20,5,0,2000,20260914
27,presence,pooled,false_alarm_rate,0.0,0.0,0.0,40,5,0,2000,20260914
27,presence,pooled,x_choice_rate,0.5,0.5,0.5,40,5,0,2000,20260914
27,presence,pooled,mean_margin,-3.734375,-3.921875,-3.54375,40,5,0,2000,20260914
27,presence,pooled,tie_rate,0.0,0.0,0.0,40,5,0,2000,20260914
27,presence,XY,false_alarm_rate,0.0,0.0,0.0,20,5,0,2000,20260914
27,presence,XY,x_choice_rate,0.0,0.0,0.0,20,5,0,2000,20260914
27,presence,XY,mean_margin,-3.43125,-3.61875,-3.24375,20,5,0,2000,20260914
27,presence,XY,tie_rate,0.0,0.0,0.0,20,5,0,2000,20260914
27,presence,YX,false_alarm_rate,0.0,0.0,0.0,20,5,0,2000,20260914
27,presence,YX,x_choice_rate,1.0,1.0,1.0,20,5,0,2000,20260914
27,presence,YX,mean_margin,-4.0375,-4.24375,-3.8625,20,5,0,2000,20260914
27,presence,YX,tie_rate,0.0,0.0,0.0,20,5,0,2000,20260914
28,presence,pooled,false_alarm_rate,0.0,0.0,0.0,40,5,0,2000,20260914
28,presence,pooled,x_choice_rate,0.5,0.5,0.5,40,5,0,2000,20260914
28,presence,pooled,mean_margin,-3.734375,-3.921875,-3.54375,40,5,0,2000,20260914
28,presence,pooled,tie_rate,0.0,0.0,0.0,40,5,0,2000,20260914
28,presence,XY,false_alarm_rate,0.0,0.0,0.0,20,5,0,2000,20260914
28,presence,XY,x_choice_rate,0.0,0.0,0.0,20,5,0,2000,20260914
28,presence,XY,mean_margin,-3.43125,-3.61875,-3.24375,20,5,0,2000,20260914
28,presence,XY,tie_rate,0.0,0.0,0.0,20,5,0,2000,20260914
28,presence,YX,false_alarm_rate,0.0,0.0,0.0,20,5,0,2000,20260914
28,presence,YX,x_choice_rate,1.0,1.0,1.0,20,5,0,2000,20260914
28,presence,YX,mean_margin,-4.0375,-4.2375,-3.8625,20,5,0,2000,20260914
28,presence,YX,tie_rate,0.0,0.0,0.0,20,5,0,2000,20260914
29,presence,pooled,false_alarm_rate,0.0,0.0,0.0,40,5,0,2000,20260914
29,presence,pooled,x_choice_rate,0.5,0.5,0.5,40,5,0,2000,20260914
29,presence,pooled,mean_margin,-3.734375,-3.921875,-3.54375,40,5,0,2000,20260914
29,presence,pooled,tie_rate,0.0,0.0,0.0,40,5,0,2000,20260914
29,presence,XY,false_alarm_rate,0.0,0.0,0.0,20,5,0,2000,20260914
29,presence,XY,x_choice_rate,0.0,0.0,0.0,20,5,0,2000,20260914
29,presence,XY,mean_margin,-3.43125,-3.61875,-3.225,20,5,0,2000,20260914
29,presence,XY,tie_rate,0.0,0.0,0.0,20,5,0,2000,20260914
29,presence,YX,false_alarm_rate,0.0,0.0,0.0,20,5,0,2000,20260914
29,presence,YX,x_choice_rate,1.0,1.0,1.0,20,5,0,2000,20260914
29,presence,YX,mean_margin,-4.0375,-4.2375,-3.85,20,5,0,2000,20260914
29,presence,YX,tie_rate,0.0,0.0,0.0,20,5,0,2000,20260914
30,presence,pooled,false_alarm_rate,0.0,0.0,0.0,40,5,0,2000,20260914
30,presence,pooled,x_choice_rate,0.5,0.5,0.5,40,5,0,2000,20260914
30,presence,pooled,mean_margin,-3.734375,-3.928125,-3.565625,40,5,0,2000,20260914
30,presence,pooled,tie_rate,0.0,0.0,0.0,40,5,0,2000,20260914
30,presence,XY,false_alarm_rate,0.0,0.0,0.0,20,5,0,2000,20260914
30,presence,XY,x_choice_rate,0.0,0.0,0.0,20,5,0,2000,20260914
30,presence,XY,mean_margin,-3.43125,-3.61875,-3.24375,20,5,0,2000,20260914
30,presence,XY,tie_rate,0.0,0.0,0.0,20,5,0,2000,20260914
30,presence,YX,false_alarm_rate,0.0,0.0,0.0,20,5,0,2000,20260914
30,presence,YX,x_choice_rate,1.0,1.0,1.0,20,5,0,2000,20260914
30,presence,YX,mean_margin,-4.0375,-4.24375,-3.8625,20,5,0,2000,20260914
30,presence,YX,tie_rate,0.0,0.0,0.0,20,5,0,2000,20260914
