kind,family,matching,dose,mapping,logit_x,logit_y,response_letter,top_token_id,top_token_text_json,realized_amplitude,clean_token_norm,top_token_is_choice,unrestricted_xy,restricted_tie,layer,task
perturbed,concept,alpha,64.0,XY,11.25,10.4375,X,578,""" The""",63.98274612426758,1.0210403203964231,False,False,False,0,presence
perturbed,concept,alpha,64.0,YX,10.9375,10.375,X,578,""" The""",63.98274612426758,1.0210403203964231,False,False,False,0,presence
perturbed,concept,alpha,32.0,XY,9.8125,10.25,Y,128009,"""<|eot_id|>""",32.00873947143555,1.1035113334655762,False,False,False,0,presence
perturbed,random,alpha,64.0,XY,15.6875,15.125,X,15148,""" Was""",63.99863815307617,1.5541119575500488,False,False,False,1,presence
perturbed,random,alpha,64.0,YX,15.3125,15.0,X,15148,""" Was""",63.99863815307617,1.5541119575500488,False,False,False,1,presence
perturbed,random,alpha,32.0,XY,19.625,19.75,Y,720,""" \n""",32.000511169433594,1.5541119575500488,False,False,False,1,presence
perturbed,concept,z_sd,10.24,XY,9.9375,9.75,X,4400,""" nothing""",1678.8270263671875,7.912810802459717,False,False,False,11,presence
perturbed,concept,z_sd,2.56,XY,10.125,9.25,X,7000,""" none""",419.7079772949219,7.492949962615967,False,False,False,11,presence
perturbed,concept,z_sd,2.56,XY,9.6875,8.25,X,320,""" (""",419.7470397949219,7.703740119934082,False,False,False,11,presence
perturbed,concept,z_sd,10.24,XY,8.625,10.0,Y,16174,""" dust""",1659.0726318359375,8.997013092041016,False,False,False,12,presence
perturbed,concept,z_sd,10.24,YX,9.4375,9.375,X,16174,""" dust""",1659.0726318359375,8.997013092041016,False,False,False,12,presence
perturbed,concept,z_sd,2.56,XY,9.3125,9.875,Y,16174,""" dust""",414.7834167480469,8.681224822998047,False,False,False,12,presence
perturbed,concept,z_sd,10.24,XY,5.34375,7.375,Y,4815,""" \n\n""",1554.076904296875,9.40471363067627,False,False,False,13,presence
perturbed,concept,z_sd,10.24,YX,5.28125,7.1875,Y,4815,""" \n\n""",1554.076904296875,9.40471363067627,False,False,False,13,presence
perturbed,concept,z_sd,1.28,XY,7.0,7.59375,Y,4815,""" \n\n""",194.2924041748047,9.336163520812988,False,False,False,13,presence
perturbed,concept,z_sd,10.24,XY,1.5,3.234375,Y,33093,""" Dust""",1433.447509765625,9.877753257751465,False,False,False,14,presence
perturbed,concept,z_sd,10.24,YX,2.546875,2.1875,X,33093,""" Dust""",1433.447509765625,9.877753257751465,False,False,False,14,presence
perturbed,concept,z_sd,1.28,XY,4.65625,4.59375,X,33093,""" Dust""",179.15829467773438,9.825209617614746,False,False,False,14,presence
perturbed,concept,z_sd,10.24,XY,3.75,9.0,Y,16174,""" dust""",1155.8660888671875,10.93186855316162,False,False,False,15,presence
perturbed,concept,z_sd,10.24,YX,6.0,6.96875,Y,16174,""" dust""",1155.8660888671875,10.93186855316162,False,False,False,15,presence
perturbed,concept,z_sd,1.28,YX,11.375,9.3125,X,16174,""" dust""",144.4681396484375,10.90705394744873,False,False,False,15,presence
perturbed,concept,z_sd,10.24,XY,7.4375,10.5,Y,16174,""" dust""",1030.7652587890625,12.435518264770508,False,False,False,16,presence
perturbed,concept,z_sd,10.24,YX,10.1875,8.4375,X,16174,""" dust""",1030.7652587890625,12.435518264770508,False,False,False,16,presence
perturbed,concept,z_sd,2.56,XY,8.5625,11.1875,Y,16174,""" dust""",257.66650390625,11.70284366607666,False,False,False,16,presence
perturbed,concept,z_sd,10.24,XY,8.8125,11.1875,Y,16174,""" dust""",884.7127685546875,13.392906188964844,False,False,False,17,presence
perturbed,concept,z_sd,10.24,YX,12.375,8.875,X,16174,""" dust""",884.7127685546875,13.392906188964844,False,False,False,17,presence
perturbed,concept,alpha,128.0,XY,12.25,14.25,Y,16174,""" dust""",128.02468872070312,13.323324203491213,False,False,False,17,presence
perturbed,concept,z_sd,20.48,XY,11.0,13.875,Y,16174,""" dust""",1700.329833984375,14.280988693237305,False,False,False,18,presence
perturbed,concept,z_sd,20.48,YX,14.125,9.4375,X,16174,""" dust""",1700.329833984375,14.280988693237305,False,False,False,18,presence
perturbed,concept,z_sd,20.48,YX,14.125,9.9375,X,16174,""" dust""",1700.4920654296875,14.362407684326172,False,False,False,18,presence
perturbed,concept,z_sd,10.24,XY,9.6875,14.25,Y,16174,""" dust""",795.0939331054688,16.188146591186523,False,False,False,19,presence
perturbed,concept,z_sd,10.24,YX,13.6875,10.3125,X,16174,""" dust""",795.0939331054688,16.188146591186523,False,False,False,19,presence
perturbed,concept,z_sd,2.56,XY,11.1875,15.625,Y,16174,""" dust""",198.7458953857422,15.355263710021973,False,False,False,19,presence
perturbed,dropout,alpha,128.0,XY,8.8125,10.4375,Y,477,""" or""",143.21734619140625,2.238133430480957,False,False,False,2,presence
perturbed,dropout,alpha,128.0,YX,11.5625,8.0625,X,477,""" or""",143.21734619140625,2.238133430480957,False,False,False,2,presence
perturbed,random,alpha,128.0,XY,9.8125,11.0625,Y,720,""" \n""",128.00198364257812,3.9908504486083984,False,False,False,4,presence
perturbed,random,alpha,128.0,XY,9.8125,10.9375,Y,720,""" \n""",128.00225830078125,3.6841013431549072,False,False,False,4,presence
perturbed,random,alpha,128.0,XY,9.75,10.9375,Y,720,""" \n""",127.99921417236328,3.730207681655884,False,False,False,4,presence
perturbed,dropout,alpha,64.0,YX,9.625,9.3125,X,362,""" A""",63.03437423706055,4.698110580444336,False,False,False,5,presence
perturbed,dropout,alpha,128.0,XY,9.3125,10.875,Y,452,""" N""",71.14768981933594,4.571270942687988,False,False,False,5,presence
perturbed,dropout,alpha,128.0,YX,11.1875,10.4375,X,452,""" N""",71.14768981933594,4.571270942687988,False,False,False,5,presence
perturbed,dropout,alpha,128.0,XY,8.375,8.125,X,264,""" a""",112.5591278076172,5.2519330978393555,False,False,False,6,presence
perturbed,dropout,alpha,128.0,YX,8.4375,8.4375,tie,264,""" a""",112.5591278076172,5.2519330978393555,False,False,True,6,presence
perturbed,concept,alpha,128.0,XY,12.375,12.4375,Y,4815,""" \n\n""",127.955322265625,6.516299247741699,False,False,False,8,presence
perturbed,concept,alpha,128.0,XY,12.25,12.6875,Y,4815,""" \n\n""",127.99259948730467,6.2731499671936035,False,False,False,8,presence
perturbed,concept,z_sd,0.64,XY,11.625,11.8125,Y,4815,""" \n\n""",109.24707794189452,6.228404521942139,False,False,False,8,presence
perturbed,concept,z_sd,10.24,XY,11.8125,10.5,X,720,""" \n""",1685.068359375,7.314398765563965,False,False,False,9,presence
perturbed,concept,z_sd,10.24,YX,12.5625,9.375,X,720,""" \n""",1685.068359375,7.314398765563965,False,False,False,9,presence
perturbed,concept,z_sd,1.28,XY,12.375,10.6875,X,4815,""" \n\n""",210.6207733154297,7.172738552093506,False,False,False,9,presence
