layer,task,n,unrestricted_xy,ties
0,presence,46240,43870,363
1,presence,46240,45765,125
2,presence,46240,46238,6
3,presence,46240,46240,2
4,presence,46240,46226,6
5,presence,46240,46237,0
6,presence,46240,46238,26
7,presence,46240,46240,53
8,presence,46240,46150,14
9,presence,46240,45774,5
10,presence,46240,46240,6
11,presence,46240,46066,25
12,presence,46240,45993,35
13,presence,46240,45565,10
14,presence,46240,45598,7
15,presence,46240,45828,3
16,presence,46240,45967,0
17,presence,46240,45917,0
18,presence,46240,46214,0
19,presence,46240,45943,0
20,presence,46240,46240,0
21,presence,46240,46240,0
22,presence,46240,46240,0
23,presence,46240,46240,0
24,presence,46240,46240,0
25,presence,46240,46240,0
26,presence,46240,46240,0
27,presence,46240,46240,0
28,presence,46240,46240,0
29,presence,46240,46240,0
30,presence,46240,46240,0
