layer,family,direction_id,direction_label,dose,n_trials,n_pairs,accuracy_raw,accuracy_adjusted,mean_s,threshold_75_raw,threshold_reportable_raw,threshold_75_adjusted,threshold_reportable_adjusted
3,concept,concept__l3__Dust,Dust,0.25,40,20,0.5,0.4,0.025,,False,,False
3,concept,concept__l3__Dust,Dust,0.5,40,20,0.5,0.4,0.0,,False,,False
3,concept,concept__l3__Dust,Dust,1.0,40,20,0.5,0.475,0.046875,,False,,False
3,concept,concept__l3__Dust,Dust,2.0,40,20,0.5,0.75,0.2625,,False,,False
3,concept,concept__l3__Dust,Dust,4.0,40,20,0.525,0.825,0.584375,,False,,False
3,concept,concept__l3__Dust,Dust,8.0,40,20,0.5,0.625,0.459375,,False,,False
3,concept,concept__l3__Dust,Dust,16.0,40,20,0.475,0.5,0.05,,False,,False
3,concept,concept__l3__Dust,Dust,32.0,40,20,0.45,0.475,-0.028125,,False,,False
3,concept,concept__l3__Dust,Dust,64.0,40,20,0.4,0.475,0.01875,,False,,False
3,concept,concept__l3__Dust,Dust,128.0,40,20,0.525,0.475,0.04375,,False,,False
3,concept,concept__l3__Illusions,Illusions,0.25,40,20,0.5,0.2,-0.0125,,False,43.77243875195462,True
3,concept,concept__l3__Illusions,Illusions,0.5,40,20,0.5,0.25,-0.00625,,False,43.77243875195462,True
3,concept,concept__l3__Illusions,Illusions,1.0,40,20,0.5,0.375,-0.00625,,False,43.77243875195462,True
3,concept,concept__l3__Illusions,Illusions,2.0,40,20,0.5,0.525,0.18125,,False,43.77243875195462,True
3,concept,concept__l3__Illusions,Illusions,4.0,40,20,0.65,0.925,1.146875,,False,43.77243875195462,True
3,concept,concept__l3__Illusions,Illusions,8.0,40,20,0.65,0.725,0.821875,,False,43.77243875195462,True
3,concept,concept__l3__Illusions,Illusions,16.0,40,20,0.5,0.75,0.634375,,False,43.77243875195462,True
3,concept,concept__l3__Illusions,Illusions,32.0,40,20,0.5,0.725,0.5875,,False,43.77243875195462,True
3,concept,concept__l3__Illusions,Illusions,64.0,40,20,0.5,0.75,0.703125,,False,43.77243875195462,True
3,concept,concept__l3__Illusions,Illusions,128.0,40,20,0.5,0.75,0.603125,,False,43.77243875195462,True
3,concept,concept__l3__Origami,Origami,0.25,40,20,0.5,0.45,0.046875,,False,,False
3,concept,concept__l3__Origami,Origami,0.5,40,20,0.5,0.7,0.096875,,False,,False
3,concept,concept__l3__Origami,Origami,1.0,40,20,0.5,0.8,0.19375,,False,,False
3,concept,concept__l3__Origami,Origami,2.0,40,20,0.5,0.925,0.471875,,False,,False
3,concept,concept__l3__Origami,Origami,4.0,40,20,0.725,0.975,1.66875,,False,,False
3,concept,concept__l3__Origami,Origami,8.0,40,20,0.75,0.775,0.94375,,False,,False
3,concept,concept__l3__Origami,Origami,16.0,40,20,0.5,0.85,0.8375,,False,,False
3,concept,concept__l3__Origami,Origami,32.0,40,20,0.5,0.75,0.675,,False,,False
3,concept,concept__l3__Origami,Origami,64.0,40,20,0.5,0.775,0.715625,,False,,False
3,concept,concept__l3__Origami,Origami,128.0,40,20,0.5,0.7,0.646875,,False,,False
3,concept,concept__l3__Satellites,Satellites,0.25,40,20,0.5,0.175,-0.015625,,False,,False
3,concept,concept__l3__Satellites,Satellites,0.5,40,20,0.5,0.275,-0.009375,,False,,False
3,concept,concept__l3__Satellites,Satellites,1.0,40,20,0.5,0.3,0.00625,,False,,False
3,concept,concept__l3__Satellites,Satellites,2.0,40,20,0.5,0.425,0.065625,,False,,False
3,concept,concept__l3__Satellites,Satellites,4.0,40,20,0.5,0.775,0.409375,,False,,False
3,concept,concept__l3__Satellites,Satellites,8.0,40,20,0.5,0.6,0.271875,,False,,False
3,concept,concept__l3__Satellites,Satellites,16.0,40,20,0.5,0.725,0.546875,,False,,False
3,concept,concept__l3__Satellites,Satellites,32.0,40,20,0.5,0.75,0.828125,,False,,False
3,concept,concept__l3__Satellites,Satellites,64.0,40,20,0.5,0.725,0.884375,,False,,False
3,concept,concept__l3__Satellites,Satellites,128.0,40,20,0.575,0.725,0.890625,,False,,False
3,concept,concept__l3__Trumpets,Trumpets,0.25,40,20,0.5,0.225,-0.01875,,False,,False
3,concept,concept__l3__Trumpets,Trumpets,0.5,40,20,0.5,0.175,-0.04375,,False,,False
3,concept,concept__l3__Trumpets,Trumpets,1.0,40,20,0.5,0.1,-0.109375,,False,,False
3,concept,concept__l3__Trumpets,Trumpets,2.0,40,20,0.5,0.35,-0.140625,,False,,False
3,concept,concept__l3__Trumpets,Trumpets,4.0,40,20,0.5,0.55,0.071875,,False,,False
3,concept,concept__l3__Trumpets,Trumpets,8.0,40,20,0.5,0.45,-0.2125,,False,,False
3,concept,concept__l3__Trumpets,Trumpets,16.0,40,20,0.5,0.6,0.271875,,False,,False
3,concept,concept__l3__Trumpets,Trumpets,32.0,40,20,0.5,0.675,0.44375,,False,,False
3,concept,concept__l3__Trumpets,Trumpets,64.0,40,20,0.325,0.6,0.34375,,False,,False
3,concept,concept__l3__Trumpets,Trumpets,128.0,40,20,0.3,0.5,0.05625,,False,,False
3,concept,concept__l3__appreciation,appreciation,0.25,40,20,0.5,0.225,0.0,,False,,False
3,concept,concept__l3__appreciation,appreciation,0.5,40,20,0.5,0.425,0.040625,,False,,False
3,concept,concept__l3__appreciation,appreciation,1.0,40,20,0.5,0.55,0.09375,,False,,False
3,concept,concept__l3__appreciation,appreciation,2.0,40,20,0.5,0.65,0.290625,,False,,False
3,concept,concept__l3__appreciation,appreciation,4.0,40,20,0.5,0.975,0.85625,,False,,False
3,concept,concept__l3__appreciation,appreciation,8.0,40,20,0.5,0.725,0.45625,,False,,False
3,concept,concept__l3__appreciation,appreciation,16.0,40,20,0.5,0.775,0.54375,,False,,False
3,concept,concept__l3__appreciation,appreciation,32.0,40,20,0.5,0.825,0.784375,,False,,False
3,concept,concept__l3__appreciation,appreciation,64.0,40,20,0.5,0.8,0.8625,,False,,False
3,concept,concept__l3__appreciation,appreciation,128.0,40,20,0.5,0.85,0.884375,,False,,False
3,concept,concept__l3__betrayal,betrayal,0.25,40,20,0.5,0.25,-0.021875,,False,,False
3,concept,concept__l3__betrayal,betrayal,0.5,40,20,0.5,0.275,-0.034375,,False,,False
3,concept,concept__l3__betrayal,betrayal,1.0,40,20,0.5,0.4,-0.025,,False,,False
3,concept,concept__l3__betrayal,betrayal,2.0,40,20,0.5,0.55,0.0625,,False,,False
3,concept,concept__l3__betrayal,betrayal,4.0,40,20,0.5,0.6,0.253125,,False,,False
3,concept,concept__l3__betrayal,betrayal,8.0,40,20,0.5,0.525,0.153125,,False,,False
3,concept,concept__l3__betrayal,betrayal,16.0,40,20,0.5,0.775,0.528125,,False,,False
3,concept,concept__l3__betrayal,betrayal,32.0,40,20,0.5,0.775,0.740625,,False,,False
3,concept,concept__l3__betrayal,betrayal,64.0,40,20,0.5,0.775,0.815625,,False,,False
3,concept,concept__l3__betrayal,betrayal,128.0,40,20,0.5,0.8,0.809375,,False,,False
3,concept,concept__l3__fibonacci_numbers,fibonacci_numbers,0.25,40,20,0.5,0.275,0.009375,,False,,False
3,concept,concept__l3__fibonacci_numbers,fibonacci_numbers,0.5,40,20,0.5,0.3,0.015625,,False,,False
3,concept,concept__l3__fibonacci_numbers,fibonacci_numbers,1.0,40,20,0.5,0.525,0.065625,,False,,False
3,concept,concept__l3__fibonacci_numbers,fibonacci_numbers,2.0,40,20,0.5,0.725,0.25625,,False,,False
3,concept,concept__l3__fibonacci_numbers,fibonacci_numbers,4.0,40,20,0.5,0.825,0.65625,,False,,False
3,concept,concept__l3__fibonacci_numbers,fibonacci_numbers,8.0,40,20,0.5,0.525,-0.171875,,False,,False
3,concept,concept__l3__fibonacci_numbers,fibonacci_numbers,16.0,40,20,0.5,0.75,0.3625,,False,,False
3,concept,concept__l3__fibonacci_numbers,fibonacci_numbers,32.0,40,20,0.5,0.775,0.684375,,False,,False
3,concept,concept__l3__fibonacci_numbers,fibonacci_numbers,64.0,40,20,0.5,0.825,0.76875,,False,,False
3,concept,concept__l3__fibonacci_numbers,fibonacci_numbers,128.0,40,20,0.5,0.85,0.8,,False,,False
3,concept,concept__l3__recursion,recursion,0.25,40,20,0.5,0.3,0.01875,,False,,False
3,concept,concept__l3__recursion,recursion,0.5,40,20,0.5,0.4,0.003125,,False,,False
3,concept,concept__l3__recursion,recursion,1.0,40,20,0.5,0.4,-0.003125,,False,,False
3,concept,concept__l3__recursion,recursion,2.0,40,20,0.5,0.6,0.146875,,False,,False
3,concept,concept__l3__recursion,recursion,4.0,40,20,0.5,0.8,0.590625,,False,,False
3,concept,concept__l3__recursion,recursion,8.0,40,20,0.5,0.575,0.14375,,False,,False
3,concept,concept__l3__recursion,recursion,16.0,40,20,0.5,0.75,0.496875,,False,,False
3,concept,concept__l3__recursion,recursion,32.0,40,20,0.5,0.775,0.64375,,False,,False
3,concept,concept__l3__recursion,recursion,64.0,40,20,0.5,0.8,0.70625,,False,,False
3,concept,concept__l3__recursion,recursion,128.0,40,20,0.5,0.8,0.759375,,False,,False
3,concept,concept__l3__shutdown,shutdown,0.25,40,20,0.5,0.225,-0.003125,,False,,False
3,concept,concept__l3__shutdown,shutdown,0.5,40,20,0.5,0.375,-0.00625,,False,,False
3,concept,concept__l3__shutdown,shutdown,1.0,40,20,0.5,0.45,0.015625,,False,,False
3,concept,concept__l3__shutdown,shutdown,2.0,40,20,0.5,0.575,0.15,,False,,False
3,concept,concept__l3__shutdown,shutdown,4.0,40,20,0.5,0.825,0.55625,,False,,False
3,concept,concept__l3__shutdown,shutdown,8.0,40,20,0.5,0.5,0.0,,False,,False
3,concept,concept__l3__shutdown,shutdown,16.0,40,20,0.5,0.725,0.478125,,False,,False
3,concept,concept__l3__shutdown,shutdown,32.0,40,20,0.5,0.775,0.665625,,False,,False
3,concept,concept__l3__shutdown,shutdown,64.0,40,20,0.5,0.775,0.728125,,False,,False
3,concept,concept__l3__shutdown,shutdown,128.0,40,20,0.5,0.825,0.8,,False,,False
3,dropout,dropout_realization_00,dropout_realization_00,0.25,40,20,0.5,0.25,0.003125,,False,,False
3,dropout,dropout_realization_00,dropout_realization_00,0.5,40,20,0.5,0.4,0.015625,,False,,False
3,dropout,dropout_realization_00,dropout_realization_00,1.0,40,20,0.5,0.425,0.0625,,False,,False
3,dropout,dropout_realization_00,dropout_realization_00,2.0,40,20,0.5,0.6,0.18125,,False,,False
3,dropout,dropout_realization_00,dropout_realization_00,4.0,40,20,0.5,0.825,0.565625,,False,,False
3,dropout,dropout_realization_00,dropout_realization_00,8.0,40,20,0.575,0.75,0.753125,,False,,False
3,dropout,dropout_realization_00,dropout_realization_00,16.0,40,20,0.5,0.725,0.6,,False,,False
3,dropout,dropout_realization_00,dropout_realization_00,32.0,40,20,0.5,0.7,0.528125,,False,,False
3,dropout,dropout_realization_00,dropout_realization_00,64.0,40,20,0.625,0.6,0.65,,False,,False
3,dropout,dropout_realization_00,dropout_realization_00,128.0,40,20,0.525,0.575,0.45,,False,,False
3,dropout,dropout_realization_01,dropout_realization_01,0.25,40,20,0.5,0.275,-0.00625,,False,,False
3,dropout,dropout_realization_01,dropout_realization_01,0.5,40,20,0.5,0.275,-0.01875,,False,,False
3,dropout,dropout_realization_01,dropout_realization_01,1.0,40,20,0.5,0.45,0.03125,,False,,False
3,dropout,dropout_realization_01,dropout_realization_01,2.0,40,20,0.5,0.5,0.059375,,False,,False
3,dropout,dropout_realization_01,dropout_realization_01,4.0,40,20,0.525,0.85,0.575,,False,,False
3,dropout,dropout_realization_01,dropout_realization_01,8.0,40,20,0.6,0.75,0.74375,,False,,False
3,dropout,dropout_realization_01,dropout_realization_01,16.0,40,20,0.525,0.75,0.721875,,False,,False
3,dropout,dropout_realization_01,dropout_realization_01,32.0,40,20,0.5,0.675,0.5625,,False,,False
3,dropout,dropout_realization_01,dropout_realization_01,64.0,40,20,0.5,0.575,0.359375,,False,,False
3,dropout,dropout_realization_01,dropout_realization_01,128.0,40,20,0.55,0.6,0.353125,,False,,False
3,noise,noise_realization_00,noise_realization_00,0.25,40,20,0.5,0.2,-0.028125,,False,,False
3,noise,noise_realization_00,noise_realization_00,0.5,40,20,0.5,0.3,0.009375,,False,,False
3,noise,noise_realization_00,noise_realization_00,1.0,40,20,0.5,0.4,0.015625,,False,,False
3,noise,noise_realization_00,noise_realization_00,2.0,40,20,0.5,0.675,0.1625,,False,,False
3,noise,noise_realization_00,noise_realization_00,4.0,40,20,0.5,0.85,0.565625,,False,,False
3,noise,noise_realization_00,noise_realization_00,8.0,40,20,0.575,0.725,0.8375,,False,,False
3,noise,noise_realization_00,noise_realization_00,16.0,40,20,0.5,0.775,0.5,,False,,False
3,noise,noise_realization_00,noise_realization_00,32.0,40,20,0.5,0.7,0.640625,,False,,False
3,noise,noise_realization_00,noise_realization_00,64.0,40,20,0.6,0.725,0.6625,,False,,False
3,noise,noise_realization_00,noise_realization_00,128.0,40,20,0.525,0.625,0.5375,,False,,False
3,noise,noise_realization_01,noise_realization_01,0.25,40,20,0.5,0.25,-0.01875,,False,,False
3,noise,noise_realization_01,noise_realization_01,0.5,40,20,0.5,0.25,-0.01875,,False,,False
3,noise,noise_realization_01,noise_realization_01,1.0,40,20,0.5,0.375,0.01875,,False,,False
3,noise,noise_realization_01,noise_realization_01,2.0,40,20,0.5,0.625,0.115625,,False,,False
3,noise,noise_realization_01,noise_realization_01,4.0,40,20,0.5,0.875,0.625,,False,,False
3,noise,noise_realization_01,noise_realization_01,8.0,40,20,0.6,0.75,0.740625,,False,,False
3,noise,noise_realization_01,noise_realization_01,16.0,40,20,0.5,0.725,0.46875,,False,,False
3,noise,noise_realization_01,noise_realization_01,32.0,40,20,0.5,0.825,0.671875,,False,,False
3,noise,noise_realization_01,noise_realization_01,64.0,40,20,0.525,0.8,0.759375,,False,,False
3,noise,noise_realization_01,noise_realization_01,128.0,40,20,0.55,0.55,0.515625,,False,,False
3,random,random__l3__0000,0000,0.25,40,20,0.5,0.275,-0.003125,,False,,False
3,random,random__l3__0000,0000,0.5,40,20,0.5,0.425,0.0,,False,,False
3,random,random__l3__0000,0000,1.0,40,20,0.5,0.4,0.009375,,False,,False
3,random,random__l3__0000,0000,2.0,40,20,0.5,0.475,0.003125,,False,,False
3,random,random__l3__0000,0000,4.0,40,20,0.5,0.55,0.115625,,False,,False
3,random,random__l3__0000,0000,8.0,40,20,0.5,0.825,0.678125,,False,,False
3,random,random__l3__0000,0000,16.0,40,20,0.5,0.725,0.50625,,False,,False
3,random,random__l3__0000,0000,32.0,40,20,0.625,0.725,0.63125,,False,,False
3,random,random__l3__0000,0000,64.0,40,20,0.55,0.55,0.334375,,False,,False
3,random,random__l3__0000,0000,128.0,40,20,0.475,0.5,0.046875,,False,,False
3,random,random__l3__0001,0001,0.25,40,20,0.5,0.275,-0.00625,,False,,False
3,random,random__l3__0001,0001,0.5,40,20,0.5,0.475,0.053125,,False,,False
3,random,random__l3__0001,0001,1.0,40,20,0.5,0.7,0.109375,,False,,False
3,random,random__l3__0001,0001,2.0,40,20,0.5,0.775,0.2625,,False,,False
3,random,random__l3__0001,0001,4.0,40,20,0.5,0.85,0.61875,,False,,False
3,random,random__l3__0001,0001,8.0,40,20,0.5,0.6,0.25,,False,,False
3,random,random__l3__0001,0001,16.0,40,20,0.525,0.7,0.55625,,False,,False
3,random,random__l3__0001,0001,32.0,40,20,0.45,0.7,0.621875,,False,,False
3,random,random__l3__0001,0001,64.0,40,20,0.275,0.725,0.6625,,False,,False
3,random,random__l3__0001,0001,128.0,40,20,0.35,0.7,0.41875,,False,,False
3,random,random__l3__0002,0002,0.25,40,20,0.5,0.225,-0.015625,,False,,False
3,random,random__l3__0002,0002,0.5,40,20,0.5,0.25,-0.0125,,False,,False
3,random,random__l3__0002,0002,1.0,40,20,0.5,0.475,0.05625,,False,,False
3,random,random__l3__0002,0002,2.0,40,20,0.5,0.775,0.2125,,False,,False
3,random,random__l3__0002,0002,4.0,40,20,0.5,0.975,0.88125,,False,,False
3,random,random__l3__0002,0002,8.0,40,20,0.525,0.875,1.00625,,False,,False
3,random,random__l3__0002,0002,16.0,40,20,0.5,0.7,0.515625,,False,,False
3,random,random__l3__0002,0002,32.0,40,20,0.5,0.725,0.63125,,False,,False
3,random,random__l3__0002,0002,64.0,40,20,0.525,0.75,0.740625,,False,,False
3,random,random__l3__0002,0002,128.0,40,20,0.8,0.525,0.48125,,False,,False
16,concept,concept__l16__Dust,Dust,0.25,40,20,0.5,0.175,0.0,,False,,False
16,concept,concept__l16__Dust,Dust,0.5,40,20,0.5,0.2,0.003125,,False,,False
16,concept,concept__l16__Dust,Dust,1.0,40,20,0.5,0.25,0.015625,,False,,False
16,concept,concept__l16__Dust,Dust,2.0,40,20,0.5,0.275,0.0125,,False,,False
16,concept,concept__l16__Dust,Dust,4.0,40,20,0.5,0.25,0.015625,,False,,False
16,concept,concept__l16__Dust,Dust,8.0,40,20,0.5,0.25,-0.015625,,False,,False
16,concept,concept__l16__Dust,Dust,16.0,40,20,0.5,0.425,0.009375,,False,,False
16,concept,concept__l16__Dust,Dust,32.0,40,20,0.525,0.5,0.046875,,False,,False
16,concept,concept__l16__Dust,Dust,64.0,40,20,0.525,0.5,0.04375,,False,,False
16,concept,concept__l16__Dust,Dust,128.0,40,20,0.5,0.6,0.0328125,,False,,False
16,concept,concept__l16__Illusions,Illusions,0.25,40,20,0.5,0.225,0.00625,,False,,False
16,concept,concept__l16__Illusions,Illusions,0.5,40,20,0.5,0.15,-0.009375,,False,,False
16,concept,concept__l16__Illusions,Illusions,1.0,40,20,0.5,0.125,-0.009375,,False,,False
16,concept,concept__l16__Illusions,Illusions,2.0,40,20,0.5,0.025,-0.04375,,False,,False
16,concept,concept__l16__Illusions,Illusions,4.0,40,20,0.5,0.0,-0.078125,,False,,False
16,concept,concept__l16__Illusions,Illusions,8.0,40,20,0.5,0.0,-0.134375,,False,,False
16,concept,concept__l16__Illusions,Illusions,16.0,40,20,0.5,0.125,-0.125,,False,,False
16,concept,concept__l16__Illusions,Illusions,32.0,40,20,0.5,0.15,-0.06875,,False,,False
16,concept,concept__l16__Illusions,Illusions,64.0,40,20,0.5,0.2,-0.065625,,False,,False
16,concept,concept__l16__Illusions,Illusions,128.0,40,20,0.5,0.5,-0.065625,,False,,False
16,concept,concept__l16__Origami,Origami,0.25,40,20,0.5,0.2,0.00625,,False,,False
16,concept,concept__l16__Origami,Origami,0.5,40,20,0.5,0.25,0.0125,,False,,False
16,concept,concept__l16__Origami,Origami,1.0,40,20,0.5,0.225,0.00625,,False,,False
16,concept,concept__l16__Origami,Origami,2.0,40,20,0.5,0.2,-0.00625,,False,,False
16,concept,concept__l16__Origami,Origami,4.0,40,20,0.5,0.225,-0.003125,,False,,False
16,concept,concept__l16__Origami,Origami,8.0,40,20,0.5,0.2,-0.03125,,False,,False
16,concept,concept__l16__Origami,Origami,16.0,40,20,0.5,0.25,-0.025,,False,,False
16,concept,concept__l16__Origami,Origami,32.0,40,20,0.5,0.35,-0.00625,,False,,False
16,concept,concept__l16__Origami,Origami,64.0,40,20,0.5,0.45,0.003125,,False,,False
16,concept,concept__l16__Origami,Origami,128.0,40,20,0.5,0.45,0.009375,,False,,False
16,concept,concept__l16__Satellites,Satellites,0.25,40,20,0.5,0.175,-0.00625,,False,,False
16,concept,concept__l16__Satellites,Satellites,0.5,40,20,0.5,0.125,-0.00625,,False,,False
16,concept,concept__l16__Satellites,Satellites,1.0,40,20,0.5,0.225,-0.00625,,False,,False
16,concept,concept__l16__Satellites,Satellites,2.0,40,20,0.5,0.15,-0.01875,,False,,False
16,concept,concept__l16__Satellites,Satellites,4.0,40,20,0.5,0.1,-0.025,,False,,False
16,concept,concept__l16__Satellites,Satellites,8.0,40,20,0.5,0.125,-0.046875,,False,,False
16,concept,concept__l16__Satellites,Satellites,16.0,40,20,0.5,0.175,-0.040625,,False,,False
16,concept,concept__l16__Satellites,Satellites,32.0,40,20,0.5,0.325,-0.00625,,False,,False
16,concept,concept__l16__Satellites,Satellites,64.0,40,20,0.5,0.55,0.0125,,False,,False
16,concept,concept__l16__Satellites,Satellites,128.0,40,20,0.5,0.5,0.015625,,False,,False
16,concept,concept__l16__Trumpets,Trumpets,0.25,40,20,0.5,0.175,-0.009375,,False,,False
16,concept,concept__l16__Trumpets,Trumpets,0.5,40,20,0.5,0.25,0.00625,,False,,False
16,concept,concept__l16__Trumpets,Trumpets,1.0,40,20,0.5,0.275,0.00625,,False,,False
16,concept,concept__l16__Trumpets,Trumpets,2.0,40,20,0.5,0.15,0.009375,,False,,False
16,concept,concept__l16__Trumpets,Trumpets,4.0,40,20,0.5,0.3,0.021875,,False,,False
16,concept,concept__l16__Trumpets,Trumpets,8.0,40,20,0.5,0.2,-0.00625,,False,,False
16,concept,concept__l16__Trumpets,Trumpets,16.0,40,20,0.5,0.425,0.015625,,False,,False
16,concept,concept__l16__Trumpets,Trumpets,32.0,40,20,0.5,0.45,0.021875,,False,,False
16,concept,concept__l16__Trumpets,Trumpets,64.0,40,20,0.5,0.475,0.01875,,False,,False
16,concept,concept__l16__Trumpets,Trumpets,128.0,40,20,0.5,0.475,0.040625,,False,,False
16,concept,concept__l16__appreciation,appreciation,0.25,40,20,0.5,0.125,-0.00625,,False,,False
16,concept,concept__l16__appreciation,appreciation,0.5,40,20,0.5,0.15,-0.0125,,False,,False
16,concept,concept__l16__appreciation,appreciation,1.0,40,20,0.5,0.225,-0.015625,,False,,False
16,concept,concept__l16__appreciation,appreciation,2.0,40,20,0.5,0.125,-0.021875,,False,,False
16,concept,concept__l16__appreciation,appreciation,4.0,40,20,0.5,0.15,-0.040625,,False,,False
16,concept,concept__l16__appreciation,appreciation,8.0,40,20,0.5,0.2,-0.034375,,False,,False
16,concept,concept__l16__appreciation,appreciation,16.0,40,20,0.5,0.25,-0.021875,,False,,False
16,concept,concept__l16__appreciation,appreciation,32.0,40,20,0.5,0.275,-0.01875,,False,,False
16,concept,concept__l16__appreciation,appreciation,64.0,40,20,0.5,0.4,0.009375,,False,,False
16,concept,concept__l16__appreciation,appreciation,128.0,40,20,0.5,0.375,0.015625,,False,,False
16,concept,concept__l16__betrayal,betrayal,0.25,40,20,0.5,0.15,-0.009375,,False,,False
16,concept,concept__l16__betrayal,betrayal,0.5,40,20,0.5,0.175,-0.003125,,False,,False
16,concept,concept__l16__betrayal,betrayal,1.0,40,20,0.5,0.2,0.0,,False,,False
16,concept,concept__l16__betrayal,betrayal,2.0,40,20,0.5,0.125,-0.01875,,False,,False
16,concept,concept__l16__betrayal,betrayal,4.0,40,20,0.5,0.075,-0.034375,,False,,False
16,concept,concept__l16__betrayal,betrayal,8.0,40,20,0.5,0.125,-0.075,,False,,False
16,concept,concept__l16__betrayal,betrayal,16.0,40,20,0.5,0.075,-0.103125,,False,,False
16,concept,concept__l16__betrayal,betrayal,32.0,40,20,0.5,0.425,-0.040625,,False,,False
16,concept,concept__l16__betrayal,betrayal,64.0,40,20,0.5,0.5,0.0125,,False,,False
16,concept,concept__l16__betrayal,betrayal,128.0,40,20,0.5,0.5,0.00625,,False,,False
16,concept,concept__l16__fibonacci_numbers,fibonacci_numbers,0.25,40,20,0.5,0.25,0.00625,,False,,False
16,concept,concept__l16__fibonacci_numbers,fibonacci_numbers,0.5,40,20,0.5,0.2,0.003125,,False,,False
16,concept,concept__l16__fibonacci_numbers,fibonacci_numbers,1.0,40,20,0.5,0.175,0.0,,False,,False
16,concept,concept__l16__fibonacci_numbers,fibonacci_numbers,2.0,40,20,0.5,0.2,-0.0125,,False,,False
16,concept,concept__l16__fibonacci_numbers,fibonacci_numbers,4.0,40,20,0.5,0.15,-0.040625,,False,,False
16,concept,concept__l16__fibonacci_numbers,fibonacci_numbers,8.0,40,20,0.5,0.2,-0.025,,False,,False
16,concept,concept__l16__fibonacci_numbers,fibonacci_numbers,16.0,40,20,0.5,0.25,-0.04375,,False,,False
16,concept,concept__l16__fibonacci_numbers,fibonacci_numbers,32.0,40,20,0.5,0.3,-0.03125,,False,,False
16,concept,concept__l16__fibonacci_numbers,fibonacci_numbers,64.0,40,20,0.5,0.5,-0.040625,,False,,False
16,concept,concept__l16__fibonacci_numbers,fibonacci_numbers,128.0,40,20,0.5,0.5,-0.025,,False,,False
16,concept,concept__l16__recursion,recursion,0.25,40,20,0.5,0.225,-0.003125,,False,,False
16,concept,concept__l16__recursion,recursion,0.5,40,20,0.5,0.2,0.0125,,False,,False
16,concept,concept__l16__recursion,recursion,1.0,40,20,0.5,0.175,-0.00625,,False,,False
16,concept,concept__l16__recursion,recursion,2.0,40,20,0.5,0.2,-0.009375,,False,,False
16,concept,concept__l16__recursion,recursion,4.0,40,20,0.5,0.275,0.0,,False,,False
16,concept,concept__l16__recursion,recursion,8.0,40,20,0.5,0.25,-0.0125,,False,,False
16,concept,concept__l16__recursion,recursion,16.0,40,20,0.5,0.25,0.0,,False,,False
16,concept,concept__l16__recursion,recursion,32.0,40,20,0.5,0.275,-0.003125,,False,,False
16,concept,concept__l16__recursion,recursion,64.0,40,20,0.5,0.25,0.0,,False,,False
16,concept,concept__l16__recursion,recursion,128.0,40,20,0.5,0.325,0.0,,False,,False
16,concept,concept__l16__shutdown,shutdown,0.25,40,20,0.5,0.175,-0.009375,,False,,False
16,concept,concept__l16__shutdown,shutdown,0.5,40,20,0.5,0.075,-0.01875,,False,,False
16,concept,concept__l16__shutdown,shutdown,1.0,40,20,0.5,0.175,-0.021875,,False,,False
16,concept,concept__l16__shutdown,shutdown,2.0,40,20,0.5,0.15,-0.028125,,False,,False
16,concept,concept__l16__shutdown,shutdown,4.0,40,20,0.5,0.225,-0.01875,,False,,False
16,concept,concept__l16__shutdown,shutdown,8.0,40,20,0.5,0.2,-0.028125,,False,,False
16,concept,concept__l16__shutdown,shutdown,16.0,40,20,0.5,0.225,-0.03125,,False,,False
16,concept,concept__l16__shutdown,shutdown,32.0,40,20,0.5,0.35,-0.025,,False,,False
16,concept,concept__l16__shutdown,shutdown,64.0,40,20,0.5,0.4,0.003125,,False,,False
16,concept,concept__l16__shutdown,shutdown,128.0,40,20,0.5,0.5,-0.003125,,False,,False
16,dropout,dropout_realization_00,dropout_realization_00,0.25,40,20,0.5,0.175,0.003125,,False,,False
16,dropout,dropout_realization_00,dropout_realization_00,0.5,40,20,0.5,0.175,-0.00625,,False,,False
16,dropout,dropout_realization_00,dropout_realization_00,1.0,40,20,0.5,0.175,-0.00625,,False,,False
16,dropout,dropout_realization_00,dropout_realization_00,2.0,40,20,0.5,0.15,-0.009375,,False,,False
16,dropout,dropout_realization_00,dropout_realization_00,4.0,40,20,0.5,0.175,0.0,,False,,False
16,dropout,dropout_realization_00,dropout_realization_00,8.0,40,20,0.5,0.25,-0.0125,,False,,False
16,dropout,dropout_realization_00,dropout_realization_00,16.0,40,20,0.5,0.325,-0.0125,,False,,False
16,dropout,dropout_realization_00,dropout_realization_00,32.0,40,20,0.5,0.375,-0.025,,False,,False
16,dropout,dropout_realization_00,dropout_realization_00,64.0,40,20,0.525,0.475,0.11875,,False,,False
16,dropout,dropout_realization_00,dropout_realization_00,128.0,40,20,0.5,0.425,0.0140625,,False,,False
16,dropout,dropout_realization_01,dropout_realization_01,0.25,40,20,0.5,0.15,-0.00625,,False,,False
16,dropout,dropout_realization_01,dropout_realization_01,0.5,40,20,0.5,0.275,0.015625,,False,,False
16,dropout,dropout_realization_01,dropout_realization_01,1.0,40,20,0.5,0.25,0.0125,,False,,False
16,dropout,dropout_realization_01,dropout_realization_01,2.0,40,20,0.5,0.2,0.0,,False,,False
16,dropout,dropout_realization_01,dropout_realization_01,4.0,40,20,0.5,0.225,0.003125,,False,,False
16,dropout,dropout_realization_01,dropout_realization_01,8.0,40,20,0.5,0.275,-0.01875,,False,,False
16,dropout,dropout_realization_01,dropout_realization_01,16.0,40,20,0.5,0.3,-0.015625,,False,,False
16,dropout,dropout_realization_01,dropout_realization_01,32.0,40,20,0.5,0.35,-0.090625,,False,,False
16,dropout,dropout_realization_01,dropout_realization_01,64.0,40,20,0.525,0.5,0.14375,,False,,False
16,dropout,dropout_realization_01,dropout_realization_01,128.0,40,20,0.5,0.5,0.0,,False,,False
16,noise,noise_realization_00,noise_realization_00,0.25,40,20,0.5,0.2,0.009375,,False,,False
16,noise,noise_realization_00,noise_realization_00,0.5,40,20,0.5,0.175,-0.0125,,False,,False
16,noise,noise_realization_00,noise_realization_00,1.0,40,20,0.5,0.25,0.0125,,False,,False
16,noise,noise_realization_00,noise_realization_00,2.0,40,20,0.5,0.175,-0.00625,,False,,False
16,noise,noise_realization_00,noise_realization_00,4.0,40,20,0.5,0.325,0.0125,,False,,False
16,noise,noise_realization_00,noise_realization_00,8.0,40,20,0.5,0.25,-0.009375,,False,,False
16,noise,noise_realization_00,noise_realization_00,16.0,40,20,0.5,0.3,-0.003125,,False,,False
16,noise,noise_realization_00,noise_realization_00,32.0,40,20,0.5,0.325,-0.021875,,False,,False
16,noise,noise_realization_00,noise_realization_00,64.0,40,20,0.475,0.475,-0.01875,,False,,False
16,noise,noise_realization_00,noise_realization_00,128.0,40,20,0.5,0.475,0.00625,,False,,False
16,noise,noise_realization_01,noise_realization_01,0.25,40,20,0.5,0.225,0.003125,,False,,False
16,noise,noise_realization_01,noise_realization_01,0.5,40,20,0.5,0.2,0.0125,,False,,False
16,noise,noise_realization_01,noise_realization_01,1.0,40,20,0.5,0.25,0.0125,,False,,False
16,noise,noise_realization_01,noise_realization_01,2.0,40,20,0.5,0.175,-0.00625,,False,,False
16,noise,noise_realization_01,noise_realization_01,4.0,40,20,0.5,0.15,-0.009375,,False,,False
16,noise,noise_realization_01,noise_realization_01,8.0,40,20,0.5,0.2,-0.00625,,False,,False
16,noise,noise_realization_01,noise_realization_01,16.0,40,20,0.5,0.2,-0.0375,,False,,False
16,noise,noise_realization_01,noise_realization_01,32.0,40,20,0.5,0.275,-0.03125,,False,,False
16,noise,noise_realization_01,noise_realization_01,64.0,40,20,0.5,0.475,0.0125,,False,,False
16,noise,noise_realization_01,noise_realization_01,128.0,40,20,0.5,0.5,-0.084375,,False,,False
16,random,random__l16__0000,0000,0.25,40,20,0.5,0.2,0.003125,,False,,False
16,random,random__l16__0000,0000,0.5,40,20,0.5,0.25,-0.003125,,False,,False
16,random,random__l16__0000,0000,1.0,40,20,0.5,0.15,-0.009375,,False,,False
16,random,random__l16__0000,0000,2.0,40,20,0.5,0.1,-0.034375,,False,,False
16,random,random__l16__0000,0000,4.0,40,20,0.5,0.125,-0.040625,,False,,False
16,random,random__l16__0000,0000,8.0,40,20,0.5,0.125,-0.059375,,False,,False
16,random,random__l16__0000,0000,16.0,40,20,0.5,0.25,-0.065625,,False,,False
16,random,random__l16__0000,0000,32.0,40,20,0.5,0.325,-0.040625,,False,,False
16,random,random__l16__0000,0000,64.0,40,20,0.5,0.5,-0.00625,,False,,False
16,random,random__l16__0000,0000,128.0,40,20,0.5,0.475,-0.00625,,False,,False
16,random,random__l16__0001,0001,0.25,40,20,0.5,0.275,0.015625,,False,,False
16,random,random__l16__0001,0001,0.5,40,20,0.5,0.225,0.009375,,False,,False
16,random,random__l16__0001,0001,1.0,40,20,0.5,0.15,0.00625,,False,,False
16,random,random__l16__0001,0001,2.0,40,20,0.5,0.375,0.028125,,False,,False
16,random,random__l16__0001,0001,4.0,40,20,0.5,0.425,0.05,,False,,False
16,random,random__l16__0001,0001,8.0,40,20,0.5,0.375,0.025,,False,,False
16,random,random__l16__0001,0001,16.0,40,20,0.5,0.45,0.025,,False,,False
16,random,random__l16__0001,0001,32.0,40,20,0.5,0.5,0.03125,,False,,False
16,random,random__l16__0001,0001,64.0,40,20,0.5,0.5,0.03125,,False,,False
16,random,random__l16__0001,0001,128.0,40,20,0.475,0.5,0.0,,False,,False
16,random,random__l16__0002,0002,0.25,40,20,0.5,0.175,0.009375,,False,,False
16,random,random__l16__0002,0002,0.5,40,20,0.5,0.15,-0.009375,,False,,False
16,random,random__l16__0002,0002,1.0,40,20,0.5,0.175,0.0,,False,,False
16,random,random__l16__0002,0002,2.0,40,20,0.5,0.125,-0.00625,,False,,False
16,random,random__l16__0002,0002,4.0,40,20,0.5,0.15,0.003125,,False,,False
16,random,random__l16__0002,0002,8.0,40,20,0.5,0.15,-0.028125,,False,,False
16,random,random__l16__0002,0002,16.0,40,20,0.5,0.175,-0.046875,,False,,False
16,random,random__l16__0002,0002,32.0,40,20,0.5,0.3,-0.025,,False,,False
16,random,random__l16__0002,0002,64.0,40,20,0.5,0.475,0.0,,False,,False
16,random,random__l16__0002,0002,128.0,40,20,0.5,0.475,-0.009375,,False,,False
28,concept,concept__l28__Dust,Dust,0.25,40,20,0.5,0.1,-0.009375,,False,,False
28,concept,concept__l28__Dust,Dust,0.5,40,20,0.5,0.15,0.003125,,False,,False
28,concept,concept__l28__Dust,Dust,1.0,40,20,0.5,0.15,0.009375,,False,,False
28,concept,concept__l28__Dust,Dust,2.0,40,20,0.5,0.225,0.003125,,False,,False
28,concept,concept__l28__Dust,Dust,4.0,40,20,0.5,0.125,-0.00625,,False,,False
28,concept,concept__l28__Dust,Dust,8.0,40,20,0.5,0.15,0.00625,,False,,False
28,concept,concept__l28__Dust,Dust,16.0,40,20,0.5,0.15,0.009375,,False,,False
28,concept,concept__l28__Dust,Dust,32.0,40,20,0.5,0.25,0.003125,,False,,False
28,concept,concept__l28__Dust,Dust,64.0,40,20,0.5,0.325,0.025,,False,,False
28,concept,concept__l28__Dust,Dust,128.0,40,20,0.5,0.4,0.003125,,False,,False
28,concept,concept__l28__Illusions,Illusions,0.25,40,20,0.5,0.125,-0.003125,,False,,False
28,concept,concept__l28__Illusions,Illusions,0.5,40,20,0.5,0.15,0.00625,,False,,False
28,concept,concept__l28__Illusions,Illusions,1.0,40,20,0.5,0.125,0.0,,False,,False
28,concept,concept__l28__Illusions,Illusions,2.0,40,20,0.5,0.125,-0.00625,,False,,False
28,concept,concept__l28__Illusions,Illusions,4.0,40,20,0.5,0.075,-0.00625,,False,,False
28,concept,concept__l28__Illusions,Illusions,8.0,40,20,0.5,0.225,0.0125,,False,,False
28,concept,concept__l28__Illusions,Illusions,16.0,40,20,0.5,0.15,0.009375,,False,,False
28,concept,concept__l28__Illusions,Illusions,32.0,40,20,0.5,0.25,0.01875,,False,,False
28,concept,concept__l28__Illusions,Illusions,64.0,40,20,0.5,0.475,0.046875,,False,,False
28,concept,concept__l28__Illusions,Illusions,128.0,40,20,0.5,0.5,0.065625,,False,,False
28,concept,concept__l28__Origami,Origami,0.25,40,20,0.5,0.125,0.00625,,False,,False
28,concept,concept__l28__Origami,Origami,0.5,40,20,0.5,0.125,0.00625,,False,,False
28,concept,concept__l28__Origami,Origami,1.0,40,20,0.5,0.15,0.00625,,False,,False
28,concept,concept__l28__Origami,Origami,2.0,40,20,0.5,0.125,-0.003125,,False,,False
28,concept,concept__l28__Origami,Origami,4.0,40,20,0.5,0.175,0.00625,,False,,False
28,concept,concept__l28__Origami,Origami,8.0,40,20,0.5,0.2,0.0,,False,,False
28,concept,concept__l28__Origami,Origami,16.0,40,20,0.5,0.15,-0.009375,,False,,False
28,concept,concept__l28__Origami,Origami,32.0,40,20,0.5,0.275,0.009375,,False,,False
28,concept,concept__l28__Origami,Origami,64.0,40,20,0.5,0.175,-0.00625,,False,,False
28,concept,concept__l28__Origami,Origami,128.0,40,20,0.5,0.375,0.025,,False,,False
28,concept,concept__l28__Satellites,Satellites,0.25,40,20,0.5,0.125,-0.009375,,False,,False
28,concept,concept__l28__Satellites,Satellites,0.5,40,20,0.5,0.15,0.0,,False,,False
28,concept,concept__l28__Satellites,Satellites,1.0,40,20,0.5,0.1,-0.00625,,False,,False
28,concept,concept__l28__Satellites,Satellites,2.0,40,20,0.5,0.125,-0.00625,,False,,False
28,concept,concept__l28__Satellites,Satellites,4.0,40,20,0.5,0.15,-0.003125,,False,,False
28,concept,concept__l28__Satellites,Satellites,8.0,40,20,0.5,0.275,0.0125,,False,,False
28,concept,concept__l28__Satellites,Satellites,16.0,40,20,0.5,0.175,-0.00625,,False,,False
28,concept,concept__l28__Satellites,Satellites,32.0,40,20,0.5,0.175,0.003125,,False,,False
28,concept,concept__l28__Satellites,Satellites,64.0,40,20,0.5,0.325,0.01875,,False,,False
28,concept,concept__l28__Satellites,Satellites,128.0,40,20,0.5,0.275,0.028125,,False,,False
28,concept,concept__l28__Trumpets,Trumpets,0.25,40,20,0.5,0.1,-0.009375,,False,,False
28,concept,concept__l28__Trumpets,Trumpets,0.5,40,20,0.5,0.125,-0.009375,,False,,False
28,concept,concept__l28__Trumpets,Trumpets,1.0,40,20,0.5,0.125,0.0,,False,,False
28,concept,concept__l28__Trumpets,Trumpets,2.0,40,20,0.5,0.05,-0.015625,,False,,False
28,concept,concept__l28__Trumpets,Trumpets,4.0,40,20,0.5,0.05,-0.003125,,False,,False
28,concept,concept__l28__Trumpets,Trumpets,8.0,40,20,0.5,0.125,0.003125,,False,,False
28,concept,concept__l28__Trumpets,Trumpets,16.0,40,20,0.5,0.275,0.015625,,False,,False
28,concept,concept__l28__Trumpets,Trumpets,32.0,40,20,0.5,0.225,0.0,,False,,False
28,concept,concept__l28__Trumpets,Trumpets,64.0,40,20,0.5,0.275,0.003125,,False,,False
28,concept,concept__l28__Trumpets,Trumpets,128.0,40,20,0.5,0.375,0.009375,,False,,False
28,concept,concept__l28__appreciation,appreciation,0.25,40,20,0.5,0.075,-0.00625,,False,,False
28,concept,concept__l28__appreciation,appreciation,0.5,40,20,0.5,0.2,-0.003125,,False,,False
28,concept,concept__l28__appreciation,appreciation,1.0,40,20,0.5,0.125,0.0,,False,,False
28,concept,concept__l28__appreciation,appreciation,2.0,40,20,0.5,0.075,-0.0125,,False,,False
28,concept,concept__l28__appreciation,appreciation,4.0,40,20,0.5,0.1,-0.009375,,False,,False
28,concept,concept__l28__appreciation,appreciation,8.0,40,20,0.5,0.175,0.0,,False,,False
28,concept,concept__l28__appreciation,appreciation,16.0,40,20,0.5,0.075,-0.0125,,False,,False
28,concept,concept__l28__appreciation,appreciation,32.0,40,20,0.5,0.15,-0.021875,,False,,False
28,concept,concept__l28__appreciation,appreciation,64.0,40,20,0.5,0.225,-0.00625,,False,,False
28,concept,concept__l28__appreciation,appreciation,128.0,40,20,0.5,0.275,0.00625,,False,,False
28,concept,concept__l28__betrayal,betrayal,0.25,40,20,0.5,0.15,-0.009375,,False,,False
28,concept,concept__l28__betrayal,betrayal,0.5,40,20,0.5,0.125,0.003125,,False,,False
28,concept,concept__l28__betrayal,betrayal,1.0,40,20,0.5,0.25,0.009375,,False,,False
28,concept,concept__l28__betrayal,betrayal,2.0,40,20,0.5,0.15,0.003125,,False,,False
28,concept,concept__l28__betrayal,betrayal,4.0,40,20,0.5,0.1,-0.009375,,False,,False
28,concept,concept__l28__betrayal,betrayal,8.0,40,20,0.5,0.15,-0.003125,,False,,False
28,concept,concept__l28__betrayal,betrayal,16.0,40,20,0.5,0.125,-0.0125,,False,,False
28,concept,concept__l28__betrayal,betrayal,32.0,40,20,0.5,0.2,-0.003125,,False,,False
28,concept,concept__l28__betrayal,betrayal,64.0,40,20,0.5,0.225,0.003125,,False,,False
28,concept,concept__l28__betrayal,betrayal,128.0,40,20,0.5,0.175,0.003125,,False,,False
28,concept,concept__l28__fibonacci_numbers,fibonacci_numbers,0.25,40,20,0.5,0.1,0.003125,,False,,False
28,concept,concept__l28__fibonacci_numbers,fibonacci_numbers,0.5,40,20,0.5,0.225,0.00625,,False,,False
28,concept,concept__l28__fibonacci_numbers,fibonacci_numbers,1.0,40,20,0.5,0.175,0.003125,,False,,False
28,concept,concept__l28__fibonacci_numbers,fibonacci_numbers,2.0,40,20,0.5,0.175,-0.003125,,False,,False
28,concept,concept__l28__fibonacci_numbers,fibonacci_numbers,4.0,40,20,0.5,0.2,0.009375,,False,,False
28,concept,concept__l28__fibonacci_numbers,fibonacci_numbers,8.0,40,20,0.5,0.15,-0.003125,,False,,False
28,concept,concept__l28__fibonacci_numbers,fibonacci_numbers,16.0,40,20,0.5,0.125,-0.003125,,False,,False
28,concept,concept__l28__fibonacci_numbers,fibonacci_numbers,32.0,40,20,0.5,0.275,0.00625,,False,,False
28,concept,concept__l28__fibonacci_numbers,fibonacci_numbers,64.0,40,20,0.5,0.175,0.00625,,False,,False
28,concept,concept__l28__fibonacci_numbers,fibonacci_numbers,128.0,40,20,0.5,0.325,0.01875,,False,,False
28,concept,concept__l28__recursion,recursion,0.25,40,20,0.5,0.2,0.015625,,False,,False
28,concept,concept__l28__recursion,recursion,0.5,40,20,0.5,0.1,0.003125,,False,,False
28,concept,concept__l28__recursion,recursion,1.0,40,20,0.5,0.175,0.009375,,False,,False
28,concept,concept__l28__recursion,recursion,2.0,40,20,0.5,0.125,0.003125,,False,,False
28,concept,concept__l28__recursion,recursion,4.0,40,20,0.5,0.05,-0.003125,,False,,False
28,concept,concept__l28__recursion,recursion,8.0,40,20,0.5,0.175,0.0,,False,,False
28,concept,concept__l28__recursion,recursion,16.0,40,20,0.5,0.1,-0.0125,,False,,False
28,concept,concept__l28__recursion,recursion,32.0,40,20,0.5,0.075,-0.0125,,False,,False
28,concept,concept__l28__recursion,recursion,64.0,40,20,0.5,0.3,0.01875,,False,,False
28,concept,concept__l28__recursion,recursion,128.0,40,20,0.5,0.3,0.003125,,False,,False
28,concept,concept__l28__shutdown,shutdown,0.25,40,20,0.5,0.175,0.009375,,False,,False
28,concept,concept__l28__shutdown,shutdown,0.5,40,20,0.5,0.15,-0.00625,,False,,False
28,concept,concept__l28__shutdown,shutdown,1.0,40,20,0.5,0.125,0.00625,,False,,False
28,concept,concept__l28__shutdown,shutdown,2.0,40,20,0.5,0.15,0.009375,,False,,False
28,concept,concept__l28__shutdown,shutdown,4.0,40,20,0.5,0.15,-0.0125,,False,,False
28,concept,concept__l28__shutdown,shutdown,8.0,40,20,0.5,0.1,-0.003125,,False,,False
28,concept,concept__l28__shutdown,shutdown,16.0,40,20,0.5,0.175,0.0,,False,,False
28,concept,concept__l28__shutdown,shutdown,32.0,40,20,0.5,0.225,-0.003125,,False,,False
28,concept,concept__l28__shutdown,shutdown,64.0,40,20,0.5,0.1,-0.015625,,False,,False
28,concept,concept__l28__shutdown,shutdown,128.0,40,20,0.5,0.275,0.0,,False,,False
28,dropout,dropout_realization_00,dropout_realization_00,0.25,40,20,0.5,0.075,-0.00625,,False,,False
28,dropout,dropout_realization_00,dropout_realization_00,0.5,40,20,0.5,0.125,-0.009375,,False,,False
28,dropout,dropout_realization_00,dropout_realization_00,1.0,40,20,0.5,0.2,0.00625,,False,,False
28,dropout,dropout_realization_00,dropout_realization_00,2.0,40,20,0.5,0.175,0.00625,,False,,False
28,dropout,dropout_realization_00,dropout_realization_00,4.0,40,20,0.5,0.225,0.015625,,False,,False
28,dropout,dropout_realization_00,dropout_realization_00,8.0,40,20,0.5,0.05,-0.00625,,False,,False
28,dropout,dropout_realization_00,dropout_realization_00,16.0,40,20,0.5,0.225,0.00625,,False,,False
28,dropout,dropout_realization_00,dropout_realization_00,32.0,40,20,0.5,0.3,0.003125,,False,,False
28,dropout,dropout_realization_00,dropout_realization_00,64.0,40,20,0.5,0.3,0.009375,,False,,False
28,dropout,dropout_realization_00,dropout_realization_00,128.0,40,20,0.5,0.425,0.00625,,False,,False
28,dropout,dropout_realization_01,dropout_realization_01,0.25,40,20,0.5,0.1,0.003125,,False,,False
28,dropout,dropout_realization_01,dropout_realization_01,0.5,40,20,0.5,0.15,-0.0125,,False,,False
28,dropout,dropout_realization_01,dropout_realization_01,1.0,40,20,0.5,0.125,-0.00625,,False,,False
28,dropout,dropout_realization_01,dropout_realization_01,2.0,40,20,0.5,0.15,0.009375,,False,,False
28,dropout,dropout_realization_01,dropout_realization_01,4.0,40,20,0.5,0.15,0.003125,,False,,False
28,dropout,dropout_realization_01,dropout_realization_01,8.0,40,20,0.5,0.25,0.025,,False,,False
28,dropout,dropout_realization_01,dropout_realization_01,16.0,40,20,0.5,0.15,-0.009375,,False,,False
28,dropout,dropout_realization_01,dropout_realization_01,32.0,40,20,0.5,0.325,0.01875,,False,,False
28,dropout,dropout_realization_01,dropout_realization_01,64.0,40,20,0.5,0.2,-0.01875,,False,,False
28,dropout,dropout_realization_01,dropout_realization_01,128.0,40,20,0.5,0.425,-0.015625,,False,,False
28,noise,noise_realization_00,noise_realization_00,0.25,40,20,0.5,0.25,0.015625,,False,,False
28,noise,noise_realization_00,noise_realization_00,0.5,40,20,0.5,0.125,0.003125,,False,,False
28,noise,noise_realization_00,noise_realization_00,1.0,40,20,0.5,0.2,0.015625,,False,,False
28,noise,noise_realization_00,noise_realization_00,2.0,40,20,0.5,0.225,0.015625,,False,,False
28,noise,noise_realization_00,noise_realization_00,4.0,40,20,0.5,0.175,0.0,,False,,False
28,noise,noise_realization_00,noise_realization_00,8.0,40,20,0.5,0.15,0.0,,False,,False
28,noise,noise_realization_00,noise_realization_00,16.0,40,20,0.5,0.175,0.009375,,False,,False
28,noise,noise_realization_00,noise_realization_00,32.0,40,20,0.5,0.275,0.015625,,False,,False
28,noise,noise_realization_00,noise_realization_00,64.0,40,20,0.5,0.375,0.025,,False,,False
28,noise,noise_realization_00,noise_realization_00,128.0,40,20,0.5,0.35,0.0125,,False,,False
28,noise,noise_realization_01,noise_realization_01,0.25,40,20,0.5,0.125,0.003125,,False,,False
28,noise,noise_realization_01,noise_realization_01,0.5,40,20,0.5,0.125,0.003125,,False,,False
28,noise,noise_realization_01,noise_realization_01,1.0,40,20,0.5,0.2,0.009375,,False,,False
28,noise,noise_realization_01,noise_realization_01,2.0,40,20,0.5,0.275,0.015625,,False,,False
28,noise,noise_realization_01,noise_realization_01,4.0,40,20,0.5,0.175,0.00625,,False,,False
28,noise,noise_realization_01,noise_realization_01,8.0,40,20,0.5,0.1,-0.0125,,False,,False
28,noise,noise_realization_01,noise_realization_01,16.0,40,20,0.5,0.15,-0.00625,,False,,False
28,noise,noise_realization_01,noise_realization_01,32.0,40,20,0.5,0.225,0.00625,,False,,False
28,noise,noise_realization_01,noise_realization_01,64.0,40,20,0.5,0.225,0.0125,,False,,False
28,noise,noise_realization_01,noise_realization_01,128.0,40,20,0.5,0.325,0.021875,,False,,False
28,random,random__l28__0000,0000,0.25,40,20,0.5,0.075,0.003125,,False,,False
28,random,random__l28__0000,0000,0.5,40,20,0.5,0.225,0.009375,,False,,False
28,random,random__l28__0000,0000,1.0,40,20,0.5,0.2,0.009375,,False,,False
28,random,random__l28__0000,0000,2.0,40,20,0.5,0.075,-0.003125,,False,,False
28,random,random__l28__0000,0000,4.0,40,20,0.5,0.125,-0.00625,,False,,False
28,random,random__l28__0000,0000,8.0,40,20,0.5,0.15,0.003125,,False,,False
28,random,random__l28__0000,0000,16.0,40,20,0.5,0.2,0.009375,,False,,False
28,random,random__l28__0000,0000,32.0,40,20,0.5,0.15,0.003125,,False,,False
28,random,random__l28__0000,0000,64.0,40,20,0.5,0.175,-0.009375,,False,,False
28,random,random__l28__0000,0000,128.0,40,20,0.5,0.45,0.009375,,False,,False
28,random,random__l28__0001,0001,0.25,40,20,0.5,0.125,0.0,,False,,False
28,random,random__l28__0001,0001,0.5,40,20,0.5,0.225,0.0125,,False,,False
28,random,random__l28__0001,0001,1.0,40,20,0.5,0.125,-0.00625,,False,,False
28,random,random__l28__0001,0001,2.0,40,20,0.5,0.1,-0.00625,,False,,False
28,random,random__l28__0001,0001,4.0,40,20,0.5,0.1,0.0,,False,,False
28,random,random__l28__0001,0001,8.0,40,20,0.5,0.1,-0.009375,,False,,False
28,random,random__l28__0001,0001,16.0,40,20,0.5,0.1,-0.009375,,False,,False
28,random,random__l28__0001,0001,32.0,40,20,0.5,0.175,0.009375,,False,,False
28,random,random__l28__0001,0001,64.0,40,20,0.5,0.125,-0.00625,,False,,False
28,random,random__l28__0001,0001,128.0,40,20,0.5,0.325,0.028125,,False,,False
28,random,random__l28__0002,0002,0.25,40,20,0.5,0.15,0.0,,False,,False
28,random,random__l28__0002,0002,0.5,40,20,0.5,0.15,0.00625,,False,,False
28,random,random__l28__0002,0002,1.0,40,20,0.5,0.15,0.003125,,False,,False
28,random,random__l28__0002,0002,2.0,40,20,0.5,0.225,0.0125,,False,,False
28,random,random__l28__0002,0002,4.0,40,20,0.5,0.25,0.0125,,False,,False
28,random,random__l28__0002,0002,8.0,40,20,0.5,0.1,0.003125,,False,,False
28,random,random__l28__0002,0002,16.0,40,20,0.5,0.125,-0.00625,,False,,False
28,random,random__l28__0002,0002,32.0,40,20,0.5,0.2,-0.00625,,False,,False
28,random,random__l28__0002,0002,64.0,40,20,0.5,0.2,0.00625,,False,,False
28,random,random__l28__0002,0002,128.0,40,20,0.5,0.425,0.01875,,False,,False
