kind,layer,family,direction_id,matching,dose,alpha_requested,dropout_rate,pair_id,order,label_order,target_index,target_label,logit_a,logit_b,contrast,sham_contrast,adjusted_contrast,correct_raw,correct_adjusted,realized_amplitude,clean_token_norm,top_token_is_choice,finite
sham,,sham,,,,0.0,,0,0,AB,,,24.0,21.625,2.375,2.375,0.0,,,0.0,,True,True
sham,,sham,,,,0.0,,0,1,AB,,,23.75,21.5,2.25,2.25,0.0,,,0.0,,True,True
sham,,sham,,,,0.0,,1,0,AB,,,22.875,21.0,1.875,1.875,0.0,,,0.0,,True,True
sham,,sham,,,,0.0,,1,1,AB,,,23.625,21.625,2.0,2.0,0.0,,,0.0,,True,True
perturbed,3,concept,concept__l3__Dust,alpha,1.0,1.0,,0,0,AB,0,A,24.25,21.5,2.75,2.375,0.375,True,True,0.998724639415741,3.0116465091705322,True,True
perturbed,3,concept,concept__l3__Dust,alpha,1.0,1.0,,0,0,AB,1,B,24.0,21.625,2.375,2.375,0.0,False,False,0.9993551969528198,3.0958008766174316,True,True
perturbed,3,concept,concept__l3__Dust,alpha,1.0,1.0,,0,1,AB,0,A,23.75,21.875,1.875,2.25,-0.375,True,False,0.9994823336601257,3.102609634399414,True,True
perturbed,3,concept,concept__l3__Dust,alpha,1.0,1.0,,0,1,AB,1,B,23.75,22.0,1.75,2.25,-0.5,False,True,0.9992364645004272,3.101919651031494,True,True
perturbed,3,concept,concept__l3__Dust,alpha,1.0,1.0,,1,0,AB,0,A,23.125,20.875,2.25,1.875,0.375,True,True,1.0002402067184448,3.1793065071105957,True,True
perturbed,3,concept,concept__l3__Dust,alpha,1.0,1.0,,1,0,AB,1,B,22.625,21.0,1.625,1.875,-0.25,False,True,0.9995447397232056,2.9485650062561035,True,True
perturbed,3,concept,concept__l3__Dust,alpha,1.0,1.0,,1,1,AB,0,A,23.625,21.625,2.0,2.0,0.0,True,False,0.9987826347351074,2.872736930847168,True,True
perturbed,3,concept,concept__l3__Dust,alpha,1.0,1.0,,1,1,AB,1,B,23.625,21.875,1.75,2.0,-0.25,False,True,0.9990605115890503,3.1747477054595947,True,True
perturbed,3,concept,concept__l3__Dust,alpha,8.0,8.0,,0,0,AB,0,A,25.5,24.25,1.25,2.375,-1.125,True,False,7.997972011566162,3.0116465091705322,True,True
perturbed,3,concept,concept__l3__Dust,alpha,8.0,8.0,,0,0,AB,1,B,25.5,24.625,0.875,2.375,-1.5,False,True,7.986568450927734,3.0958008766174316,True,True
perturbed,3,concept,concept__l3__Dust,alpha,8.0,8.0,,0,1,AB,0,A,26.125,25.125,1.0,2.25,-1.25,True,False,7.996518611907959,3.102609634399414,True,True
perturbed,3,concept,concept__l3__Dust,alpha,8.0,8.0,,0,1,AB,1,B,25.0,24.625,0.375,2.25,-1.875,False,True,7.9972639083862305,3.101919651031494,True,True
perturbed,3,concept,concept__l3__Dust,alpha,8.0,8.0,,1,0,AB,0,A,25.375,24.375,1.0,1.875,-0.875,True,False,7.991937160491943,3.1793065071105957,True,True
perturbed,3,concept,concept__l3__Dust,alpha,8.0,8.0,,1,0,AB,1,B,24.625,24.625,0.0,1.875,-1.875,False,True,7.989482879638672,2.9485650062561035,True,True
perturbed,3,concept,concept__l3__Dust,alpha,8.0,8.0,,1,1,AB,0,A,24.5,23.375,1.125,2.0,-0.875,True,False,7.995075225830078,2.872736930847168,True,True
perturbed,3,concept,concept__l3__Dust,alpha,8.0,8.0,,1,1,AB,1,B,24.75,24.375,0.375,2.0,-1.625,False,True,7.992326259613037,3.1747477054595947,True,True
perturbed,3,concept,concept__l3__Dust,alpha,64.0,64.0,,0,0,AB,0,A,18.0,17.25,0.75,2.375,-1.625,True,False,63.95335388183594,3.0116465091705322,True,True
perturbed,3,concept,concept__l3__Dust,alpha,64.0,64.0,,0,0,AB,1,B,18.0,17.75,0.25,2.375,-2.125,False,True,63.99858856201172,3.0958008766174316,True,True
perturbed,3,concept,concept__l3__Dust,alpha,64.0,64.0,,0,1,AB,0,A,18.25,17.625,0.625,2.25,-1.625,True,False,63.98392868041992,3.102609634399414,True,True
perturbed,3,concept,concept__l3__Dust,alpha,64.0,64.0,,0,1,AB,1,B,17.375,17.25,0.125,2.25,-2.125,False,True,64.00070190429688,3.101919651031494,True,True
perturbed,3,concept,concept__l3__Dust,alpha,64.0,64.0,,1,0,AB,0,A,17.625,17.25,0.375,1.875,-1.5,True,False,63.94639587402344,3.1793065071105957,True,True
perturbed,3,concept,concept__l3__Dust,alpha,64.0,64.0,,1,0,AB,1,B,17.125,17.125,0.0,1.875,-1.875,False,True,64.003662109375,2.9485650062561035,True,True
perturbed,3,concept,concept__l3__Dust,alpha,64.0,64.0,,1,1,AB,0,A,18.0,17.375,0.625,2.0,-1.375,True,False,63.97876739501953,2.872736930847168,True,True
perturbed,3,concept,concept__l3__Dust,alpha,64.0,64.0,,1,1,AB,1,B,17.125,17.0,0.125,2.0,-1.875,False,True,63.94055938720703,3.1747477054595947,True,True
perturbed,3,concept,concept__l3__Dust,z,0.02,3.9103014544899777,,0,0,AB,0,A,25.375,22.875,2.5,2.375,0.125,True,True,3.9098546504974365,3.0116465091705322,True,True
perturbed,3,concept,concept__l3__Dust,z,0.02,3.9103014544899777,,0,0,AB,1,B,24.625,23.0,1.625,2.375,-0.75,False,True,3.909745931625366,3.0958008766174316,True,True
perturbed,3,concept,concept__l3__Dust,z,0.02,3.9103014544899777,,0,1,AB,0,A,25.5,23.5,2.0,2.25,-0.25,True,False,3.911966323852539,3.102609634399414,True,True
perturbed,3,concept,concept__l3__Dust,z,0.02,3.9103014544899777,,0,1,AB,1,B,24.5,23.5,1.0,2.25,-1.25,False,True,3.914026975631714,3.101919651031494,True,True
perturbed,3,concept,concept__l3__Dust,z,0.02,3.9103014544899777,,1,0,AB,0,A,24.625,21.5,3.125,1.875,1.25,True,True,3.9119319915771484,3.1793065071105957,True,True
perturbed,3,concept,concept__l3__Dust,z,0.02,3.9103014544899777,,1,0,AB,1,B,23.375,22.25,1.125,1.875,-0.75,False,True,3.9096813201904297,2.9485650062561035,True,True
perturbed,3,concept,concept__l3__Dust,z,0.02,3.9103014544899777,,1,1,AB,0,A,24.375,22.75,1.625,2.0,-0.375,True,False,3.9126250743865967,2.872736930847168,True,True
perturbed,3,concept,concept__l3__Dust,z,0.02,3.9103014544899777,,1,1,AB,1,B,24.25,23.0,1.25,2.0,-0.75,False,True,3.9129340648651123,3.1747477054595947,True,True
perturbed,3,concept,concept__l3__Dust,z,0.2,39.10301454489978,,0,0,AB,0,A,20.625,19.5,1.125,2.375,-1.25,True,False,39.041168212890625,3.0116465091705322,True,True
perturbed,3,concept,concept__l3__Dust,z,0.2,39.10301454489978,,0,0,AB,1,B,20.5,19.875,0.625,2.375,-1.75,False,True,39.03700256347656,3.0958008766174316,True,True
perturbed,3,concept,concept__l3__Dust,z,0.2,39.10301454489978,,0,1,AB,0,A,20.875,20.125,0.75,2.25,-1.5,True,False,39.048553466796875,3.102609634399414,True,True
perturbed,3,concept,concept__l3__Dust,z,0.2,39.10301454489978,,0,1,AB,1,B,20.0,19.25,0.75,2.25,-1.5,False,True,39.05296325683594,3.101919651031494,True,True
perturbed,3,concept,concept__l3__Dust,z,0.2,39.10301454489978,,1,0,AB,0,A,20.125,19.25,0.875,1.875,-1.0,True,False,39.0682373046875,3.1793065071105957,True,True
perturbed,3,concept,concept__l3__Dust,z,0.2,39.10301454489978,,1,0,AB,1,B,19.75,19.375,0.375,1.875,-1.5,False,True,39.0735969543457,2.9485650062561035,True,True
perturbed,3,concept,concept__l3__Dust,z,0.2,39.10301454489978,,1,1,AB,0,A,20.375,19.5,0.875,2.0,-1.125,True,False,39.08002853393555,2.872736930847168,True,True
perturbed,3,concept,concept__l3__Dust,z,0.2,39.10301454489978,,1,1,AB,1,B,19.625,19.0,0.625,2.0,-1.375,False,True,39.08070373535156,3.1747477054595947,True,True
perturbed,3,concept,concept__l3__Dust,z,2.0,391.03014544899776,,0,0,AB,0,A,20.375,19.25,1.125,2.375,-1.25,True,False,390.32440185546875,3.0116465091705322,True,True
perturbed,3,concept,concept__l3__Dust,z,2.0,391.03014544899776,,0,0,AB,1,B,19.25,18.5,0.75,2.375,-1.625,False,True,390.32220458984375,3.0958008766174316,True,True
perturbed,3,concept,concept__l3__Dust,z,2.0,391.03014544899776,,0,1,AB,0,A,20.625,19.625,1.0,2.25,-1.25,True,False,390.33563232421875,3.102609634399414,True,True
perturbed,3,concept,concept__l3__Dust,z,2.0,391.03014544899776,,0,1,AB,1,B,18.75,18.125,0.625,2.25,-1.625,False,True,390.32269287109375,3.101919651031494,True,True
perturbed,3,concept,concept__l3__Dust,z,2.0,391.03014544899776,,1,0,AB,0,A,20.0,19.125,0.875,1.875,-1.0,True,False,390.2964172363281,3.1793065071105957,True,True
perturbed,3,concept,concept__l3__Dust,z,2.0,391.03014544899776,,1,0,AB,1,B,18.25,17.875,0.375,1.875,-1.5,False,True,390.3360900878906,2.9485650062561035,True,True
perturbed,3,concept,concept__l3__Dust,z,2.0,391.03014544899776,,1,1,AB,0,A,20.125,19.125,1.0,2.0,-1.0,True,False,390.3302917480469,2.872736930847168,True,True
perturbed,3,concept,concept__l3__Dust,z,2.0,391.03014544899776,,1,1,AB,1,B,18.625,18.0,0.625,2.0,-1.375,False,True,390.31268310546875,3.1747477054595947,True,True
perturbed,3,random,random__l3__0000,alpha,1.0,1.0,,0,0,AB,0,A,24.0,21.75,2.25,2.375,-0.125,True,False,1.0000274181365967,3.0116465091705322,True,True
perturbed,3,random,random__l3__0000,alpha,1.0,1.0,,0,0,AB,1,B,24.25,21.5,2.75,2.375,0.375,False,False,1.0000905990600586,3.0958008766174316,True,True
perturbed,3,random,random__l3__0000,alpha,1.0,1.0,,0,1,AB,0,A,23.625,21.625,2.0,2.25,-0.25,True,False,1.000008463859558,3.102609634399414,True,True
perturbed,3,random,random__l3__0000,alpha,1.0,1.0,,0,1,AB,1,B,23.875,21.375,2.5,2.25,0.25,False,False,0.999952495098114,3.101919651031494,True,True
perturbed,3,random,random__l3__0000,alpha,1.0,1.0,,1,0,AB,0,A,22.75,21.25,1.5,1.875,-0.375,True,False,1.0000554323196411,3.1793065071105957,True,True
perturbed,3,random,random__l3__0000,alpha,1.0,1.0,,1,0,AB,1,B,22.875,21.0,1.875,1.875,0.0,False,False,0.9999992251396179,2.9485650062561035,True,True
perturbed,3,random,random__l3__0000,alpha,1.0,1.0,,1,1,AB,0,A,23.625,21.875,1.75,2.0,-0.25,True,False,0.9999983906745911,2.872736930847168,True,True
perturbed,3,random,random__l3__0000,alpha,1.0,1.0,,1,1,AB,1,B,23.625,21.75,1.875,2.0,-0.125,False,True,0.9999552965164185,3.1747477054595947,True,True
perturbed,3,random,random__l3__0000,alpha,8.0,8.0,,0,0,AB,0,A,25.5,23.625,1.875,2.375,-0.5,True,False,7.999632835388184,3.0116465091705322,True,True
perturbed,3,random,random__l3__0000,alpha,8.0,8.0,,0,0,AB,1,B,25.5,24.375,1.125,2.375,-1.25,False,True,7.999575614929199,3.0958008766174316,True,True
perturbed,3,random,random__l3__0000,alpha,8.0,8.0,,0,1,AB,0,A,25.5,23.75,1.75,2.25,-0.5,True,False,7.999575614929199,3.102609634399414,True,True
perturbed,3,random,random__l3__0000,alpha,8.0,8.0,,0,1,AB,1,B,25.125,24.375,0.75,2.25,-1.5,False,True,7.999513626098633,3.101919651031494,True,True
perturbed,3,random,random__l3__0000,alpha,8.0,8.0,,1,0,AB,0,A,25.375,23.75,1.625,1.875,-0.25,True,False,7.999495506286621,3.1793065071105957,True,True
perturbed,3,random,random__l3__0000,alpha,8.0,8.0,,1,0,AB,1,B,25.375,24.75,0.625,1.875,-1.25,False,True,7.999763488769531,2.9485650062561035,True,True
perturbed,3,random,random__l3__0000,alpha,8.0,8.0,,1,1,AB,0,A,25.375,23.5,1.875,2.0,-0.125,True,False,7.999628067016602,2.872736930847168,True,True
perturbed,3,random,random__l3__0000,alpha,8.0,8.0,,1,1,AB,1,B,25.5,24.375,1.125,2.0,-0.875,False,True,7.999711990356445,3.1747477054595947,True,True
perturbed,3,random,random__l3__0000,alpha,64.0,64.0,,0,0,AB,0,A,23.875,22.0,1.875,2.375,-0.5,True,False,63.99642562866211,3.0116465091705322,True,True
perturbed,3,random,random__l3__0000,alpha,64.0,64.0,,0,0,AB,1,B,22.5,21.875,0.625,2.375,-1.75,False,True,63.9984245300293,3.0958008766174316,True,True
perturbed,3,random,random__l3__0000,alpha,64.0,64.0,,0,1,AB,0,A,24.25,22.25,2.0,2.25,-0.25,True,False,63.998226165771484,3.102609634399414,True,True
perturbed,3,random,random__l3__0000,alpha,64.0,64.0,,0,1,AB,1,B,22.25,21.75,0.5,2.25,-1.75,False,True,63.99725341796875,3.101919651031494,True,True
perturbed,3,random,random__l3__0000,alpha,64.0,64.0,,1,0,AB,0,A,24.0,22.375,1.625,1.875,-0.25,True,False,63.99662780761719,3.1793065071105957,True,True
perturbed,3,random,random__l3__0000,alpha,64.0,64.0,,1,0,AB,1,B,22.75,22.0,0.75,1.875,-1.125,False,True,63.996341705322266,2.9485650062561035,True,True
perturbed,3,random,random__l3__0000,alpha,64.0,64.0,,1,1,AB,0,A,24.0,22.375,1.625,2.0,-0.375,True,False,63.9962158203125,2.872736930847168,True,True
perturbed,3,random,random__l3__0000,alpha,64.0,64.0,,1,1,AB,1,B,22.75,21.875,0.875,2.0,-1.125,False,True,63.995269775390625,3.1747477054595947,True,True
perturbed,3,random,random__l3__0000,z,0.02,0.0420685865080992,,0,0,AB,0,A,24.125,21.625,2.5,2.375,0.125,True,True,0.04233471676707268,3.0116465091705322,True,True
perturbed,3,random,random__l3__0000,z,0.02,0.0420685865080992,,0,0,AB,1,B,24.125,21.625,2.5,2.375,0.125,False,False,0.04235526919364929,3.0958008766174316,True,True
perturbed,3,random,random__l3__0000,z,0.02,0.0420685865080992,,0,1,AB,0,A,23.625,21.5,2.125,2.25,-0.125,True,False,0.04234622046351433,3.102609634399414,True,True
perturbed,3,random,random__l3__0000,z,0.02,0.0420685865080992,,0,1,AB,1,B,23.75,21.5,2.25,2.25,0.0,False,False,0.04234623536467552,3.101919651031494,True,True
perturbed,3,random,random__l3__0000,z,0.02,0.0420685865080992,,1,0,AB,0,A,22.875,20.875,2.0,1.875,0.125,True,True,0.04232901707291603,3.1793065071105957,True,True
perturbed,3,random,random__l3__0000,z,0.02,0.0420685865080992,,1,0,AB,1,B,22.75,21.0,1.75,1.875,-0.125,False,True,0.042348768562078476,2.9485650062561035,True,True
perturbed,3,random,random__l3__0000,z,0.02,0.0420685865080992,,1,1,AB,0,A,23.625,21.75,1.875,2.0,-0.125,True,False,0.04227759316563606,2.872736930847168,True,True
perturbed,3,random,random__l3__0000,z,0.02,0.0420685865080992,,1,1,AB,1,B,23.625,21.625,2.0,2.0,0.0,False,False,0.042398449033498764,3.1747477054595947,True,True
perturbed,3,random,random__l3__0000,z,0.2,0.42068586508099204,,0,0,AB,0,A,23.875,21.625,2.25,2.375,-0.125,True,False,0.4206281304359436,3.0116465091705322,True,True
perturbed,3,random,random__l3__0000,z,0.2,0.42068586508099204,,0,0,AB,1,B,24.125,21.625,2.5,2.375,0.125,False,False,0.4206671714782715,3.0958008766174316,True,True
perturbed,3,random,random__l3__0000,z,0.2,0.42068586508099204,,0,1,AB,0,A,23.625,21.625,2.0,2.25,-0.25,True,False,0.42067572474479675,3.102609634399414,True,True
perturbed,3,random,random__l3__0000,z,0.2,0.42068586508099204,,0,1,AB,1,B,23.75,21.375,2.375,2.25,0.125,False,False,0.4206572473049164,3.101919651031494,True,True
perturbed,3,random,random__l3__0000,z,0.2,0.42068586508099204,,1,0,AB,0,A,22.75,21.0,1.75,1.875,-0.125,True,False,0.4206656515598297,3.1793065071105957,True,True
perturbed,3,random,random__l3__0000,z,0.2,0.42068586508099204,,1,0,AB,1,B,22.875,21.0,1.875,1.875,0.0,False,False,0.4206465482711792,2.9485650062561035,True,True
perturbed,3,random,random__l3__0000,z,0.2,0.42068586508099204,,1,1,AB,0,A,23.5,21.5,2.0,2.0,0.0,True,False,0.4207562208175659,2.872736930847168,True,True
perturbed,3,random,random__l3__0000,z,0.2,0.42068586508099204,,1,1,AB,1,B,23.625,21.625,2.0,2.0,0.0,False,False,0.42066195607185364,3.1747477054595947,True,True
perturbed,3,random,random__l3__0000,z,2.0,4.20685865080992,,0,0,AB,0,A,25.375,23.5,1.875,2.375,-0.5,True,False,4.206606388092041,3.0116465091705322,True,True
perturbed,3,random,random__l3__0000,z,2.0,4.20685865080992,,0,0,AB,1,B,24.875,22.875,2.0,2.375,-0.375,False,True,4.206570625305176,3.0958008766174316,True,True
perturbed,3,random,random__l3__0000,z,2.0,4.20685865080992,,0,1,AB,0,A,24.75,22.75,2.0,2.25,-0.25,True,False,4.206728458404541,3.102609634399414,True,True
perturbed,3,random,random__l3__0000,z,2.0,4.20685865080992,,0,1,AB,1,B,24.875,23.0,1.875,2.25,-0.375,False,True,4.2064971923828125,3.101919651031494,True,True
perturbed,3,random,random__l3__0000,z,2.0,4.20685865080992,,1,0,AB,0,A,23.875,21.875,2.0,1.875,0.125,True,True,4.2064924240112305,3.1793065071105957,True,True
perturbed,3,random,random__l3__0000,z,2.0,4.20685865080992,,1,0,AB,1,B,23.875,22.375,1.5,1.875,-0.375,False,True,4.206553936004639,2.9485650062561035,True,True
perturbed,3,random,random__l3__0000,z,2.0,4.20685865080992,,1,1,AB,0,A,24.25,22.25,2.0,2.0,0.0,True,False,4.206576347351074,2.872736930847168,True,True
perturbed,3,random,random__l3__0000,z,2.0,4.20685865080992,,1,1,AB,1,B,24.25,22.625,1.625,2.0,-0.375,False,True,4.206689834594727,3.1747477054595947,True,True
perturbed,3,noise,noise_realization_00,alpha,1.0,1.0,,0,0,AB,0,A,24.125,21.875,2.25,2.375,-0.125,True,False,0.9999877214431763,3.0116465091705322,True,True
perturbed,3,noise,noise_realization_00,alpha,1.0,1.0,,0,0,AB,1,B,24.25,21.75,2.5,2.375,0.125,False,False,0.9999617338180542,3.0958008766174316,True,True
perturbed,3,noise,noise_realization_00,alpha,1.0,1.0,,0,1,AB,0,A,23.75,21.5,2.25,2.25,0.0,True,False,1.000058889389038,3.102609634399414,True,True
perturbed,3,noise,noise_realization_00,alpha,1.0,1.0,,0,1,AB,1,B,23.75,21.75,2.0,2.25,-0.25,False,True,1.0000641345977783,3.101919651031494,True,True
perturbed,3,noise,noise_realization_00,alpha,1.0,1.0,,1,0,AB,0,A,22.875,20.875,2.0,1.875,0.125,True,True,0.9999738335609436,3.1793065071105957,True,True
perturbed,3,noise,noise_realization_00,alpha,1.0,1.0,,1,0,AB,1,B,22.875,21.0,1.875,1.875,0.0,False,False,0.9999959468841553,2.9485650062561035,True,True
perturbed,3,noise,noise_realization_00,alpha,1.0,1.0,,1,1,AB,0,A,23.625,21.625,2.0,2.0,0.0,True,False,1.00004243850708,2.872736930847168,True,True
perturbed,3,noise,noise_realization_00,alpha,1.0,1.0,,1,1,AB,1,B,23.625,21.75,1.875,2.0,-0.125,False,True,1.000010371208191,3.1747477054595947,True,True
perturbed,3,noise,noise_realization_00,alpha,8.0,8.0,,0,0,AB,0,A,25.75,23.375,2.375,2.375,0.0,True,False,8.00016975402832,3.0116465091705322,True,True
perturbed,3,noise,noise_realization_00,alpha,8.0,8.0,,0,0,AB,1,B,25.75,24.625,1.125,2.375,-1.25,False,True,7.999895095825195,3.0958008766174316,True,True
perturbed,3,noise,noise_realization_00,alpha,8.0,8.0,,0,1,AB,0,A,25.625,23.25,2.375,2.25,0.125,True,True,8.000178337097168,3.102609634399414,True,True
perturbed,3,noise,noise_realization_00,alpha,8.0,8.0,,0,1,AB,1,B,25.125,24.875,0.25,2.25,-2.0,False,True,8.000064849853516,3.101919651031494,True,True
perturbed,3,noise,noise_realization_00,alpha,8.0,8.0,,1,0,AB,0,A,25.75,23.875,1.875,1.875,0.0,True,False,7.999783515930176,3.1793065071105957,True,True
perturbed,3,noise,noise_realization_00,alpha,8.0,8.0,,1,0,AB,1,B,24.875,25.375,-0.5,1.875,-2.375,True,True,7.999944686889648,2.9485650062561035,True,True
perturbed,3,noise,noise_realization_00,alpha,8.0,8.0,,1,1,AB,0,A,26.0,23.75,2.25,2.0,0.25,True,True,8.0,2.872736930847168,True,True
perturbed,3,noise,noise_realization_00,alpha,8.0,8.0,,1,1,AB,1,B,25.375,25.25,0.125,2.0,-1.875,False,True,8.000384330749512,3.1747477054595947,True,True
perturbed,3,noise,noise_realization_00,alpha,64.0,64.0,,0,0,AB,0,A,24.0,21.75,2.25,2.375,-0.125,True,False,63.99749755859375,3.0116465091705322,True,True
perturbed,3,noise,noise_realization_00,alpha,64.0,64.0,,0,0,AB,1,B,22.75,22.875,-0.125,2.375,-2.5,True,True,64.00080108642578,3.0958008766174316,True,True
perturbed,3,noise,noise_realization_00,alpha,64.0,64.0,,0,1,AB,0,A,27.0,25.125,1.875,2.25,-0.375,True,False,64.00155639648438,3.102609634399414,True,True
perturbed,3,noise,noise_realization_00,alpha,64.0,64.0,,0,1,AB,1,B,24.25,23.375,0.875,2.25,-1.375,False,True,63.99947738647461,3.101919651031494,True,True
perturbed,3,noise,noise_realization_00,alpha,64.0,64.0,,1,0,AB,0,A,23.875,22.0,1.875,1.875,0.0,True,False,64.00261688232422,3.1793065071105957,True,True
perturbed,3,noise,noise_realization_00,alpha,64.0,64.0,,1,0,AB,1,B,23.0,23.25,-0.25,1.875,-2.125,True,True,64.00254821777344,2.9485650062561035,True,True
perturbed,3,noise,noise_realization_00,alpha,64.0,64.0,,1,1,AB,0,A,27.375,24.75,2.625,2.0,0.625,True,True,64.00228881835938,2.872736930847168,True,True
perturbed,3,noise,noise_realization_00,alpha,64.0,64.0,,1,1,AB,1,B,22.625,22.375,0.25,2.0,-1.75,False,True,63.99822235107422,3.1747477054595947,True,True
perturbed,3,noise,noise_realization_00,z,0.02,0.02642609250380433,,0,0,AB,0,A,24.0,21.625,2.375,2.375,0.0,True,False,0.02652096375823021,3.0116465091705322,True,True
perturbed,3,noise,noise_realization_00,z,0.02,0.05890988299541008,,0,0,AB,1,B,24.0,21.625,2.375,2.375,0.0,False,False,0.05911827087402344,3.0958008766174316,True,True
perturbed,3,noise,noise_realization_00,z,0.02,0.060526164451041885,,0,1,AB,0,A,23.75,21.5,2.25,2.25,0.0,True,False,0.06066552922129631,3.102609634399414,True,True
perturbed,3,noise,noise_realization_00,z,0.02,0.03073954949963878,,0,1,AB,1,B,23.75,21.625,2.125,2.25,-0.125,False,True,0.03084747865796089,3.101919651031494,True,True
perturbed,3,noise,noise_realization_00,z,0.02,0.06073359128585736,,1,0,AB,0,A,22.875,21.0,1.875,1.875,0.0,True,False,0.06099391356110573,3.1793065071105957,True,True
perturbed,3,noise,noise_realization_00,z,0.02,0.055966041923854286,,1,0,AB,1,B,22.75,21.0,1.75,1.875,-0.125,False,True,0.05618073791265488,2.9485650062561035,True,True
perturbed,3,noise,noise_realization_00,z,0.02,0.057854097634763534,,1,1,AB,0,A,23.625,21.625,2.0,2.0,0.0,True,False,0.05794093385338783,2.872736930847168,True,True
perturbed,3,noise,noise_realization_00,z,0.02,0.05872250955077917,,1,1,AB,1,B,23.625,21.625,2.0,2.0,0.0,False,False,0.058973826467990875,3.1747477054595947,True,True
perturbed,3,noise,noise_realization_00,z,0.2,0.46010276380379467,,0,0,AB,0,A,24.0,21.625,2.375,2.375,0.0,True,False,0.4601512849330902,3.0116465091705322,True,True
perturbed,3,noise,noise_realization_00,z,0.2,0.527356625202375,,0,0,AB,1,B,24.125,21.75,2.375,2.375,0.0,False,False,0.5273746252059937,3.0958008766174316,True,True
perturbed,3,noise,noise_realization_00,z,0.2,0.2979203287084247,,0,1,AB,0,A,23.75,21.5,2.25,2.25,0.0,True,False,0.2980149984359741,3.102609634399414,True,True
perturbed,3,noise,noise_realization_00,z,0.2,0.495840264304842,,0,1,AB,1,B,23.625,21.75,1.875,2.25,-0.375,False,True,0.49586421251296997,3.101919651031494,True,True
perturbed,3,noise,noise_realization_00,z,0.2,0.455651268352261,,1,0,AB,0,A,22.875,20.875,2.0,1.875,0.125,True,True,0.45571041107177734,3.1793065071105957,True,True
perturbed,3,noise,noise_realization_00,z,0.2,0.4938340411541652,,1,0,AB,1,B,22.875,20.875,2.0,1.875,0.125,False,False,0.4939144253730774,2.9485650062561035,True,True
perturbed,3,noise,noise_realization_00,z,0.2,0.4157786961999707,,1,1,AB,0,A,23.75,21.625,2.125,2.0,0.125,True,True,0.4158629775047302,2.872736930847168,True,True
perturbed,3,noise,noise_realization_00,z,0.2,0.4050796869336284,,1,1,AB,1,B,23.625,21.75,1.875,2.0,-0.125,False,True,0.40512052178382874,3.1747477054595947,True,True
perturbed,3,noise,noise_realization_00,z,2.0,2.781248426377914,,0,0,AB,0,A,24.875,22.25,2.625,2.375,0.25,True,True,2.7812881469726562,3.0116465091705322,True,True
perturbed,3,noise,noise_realization_00,z,2.0,3.5255184590281856,,0,0,AB,1,B,24.875,23.625,1.25,2.375,-1.125,False,True,3.5258092880249023,3.0958008766174316,True,True
perturbed,3,noise,noise_realization_00,z,2.0,2.7899725497606664,,0,1,AB,0,A,24.125,22.0,2.125,2.25,-0.125,True,False,2.790264129638672,3.102609634399414,True,True
perturbed,3,noise,noise_realization_00,z,2.0,3.6958529921107917,,0,1,AB,1,B,24.625,23.625,1.0,2.25,-1.25,False,True,3.6958765983581543,3.101919651031494,True,True
perturbed,3,noise,noise_realization_00,z,2.0,4.145638374549974,,1,0,AB,0,A,24.25,21.875,2.375,1.875,0.5,True,True,4.145790100097656,3.1793065071105957,True,True
perturbed,3,noise,noise_realization_00,z,2.0,3.86206515479023,,1,0,AB,1,B,23.625,22.0,1.625,1.875,-0.25,False,True,3.862140655517578,2.9485650062561035,True,True
perturbed,3,noise,noise_realization_00,z,2.0,4.010915599173866,,1,1,AB,0,A,24.5,22.5,2.0,2.0,0.0,True,False,4.011041164398193,2.872736930847168,True,True
perturbed,3,noise,noise_realization_00,z,2.0,3.4795139853202484,,1,1,AB,1,B,24.25,23.375,0.875,2.0,-1.125,False,True,3.4795289039611816,3.1747477054595947,True,True
perturbed,3,dropout,dropout_realization_00,alpha,1.0,1.0,0.09930472101271631,0,0,AB,0,A,24.375,21.875,2.5,2.375,0.125,True,True,0.9441272020339966,3.0116465091705322,True,True
perturbed,3,dropout,dropout_realization_00,alpha,1.0,1.0,0.0944823884927654,0,0,AB,1,B,24.25,21.875,2.375,2.375,0.0,False,False,0.9464092254638672,3.0958008766174316,True,True
perturbed,3,dropout,dropout_realization_00,alpha,1.0,1.0,0.09410713767439943,0,1,AB,0,A,23.625,21.625,2.0,2.25,-0.25,True,False,0.9342460632324219,3.102609634399414,True,True
perturbed,3,dropout,dropout_realization_00,alpha,1.0,1.0,0.09414506634238885,0,1,AB,1,B,23.875,21.75,2.125,2.25,-0.125,False,True,0.9973996877670288,3.101919651031494,True,True
perturbed,3,dropout,dropout_realization_00,alpha,1.0,1.0,0.0900252891881758,1,0,AB,0,A,23.0,21.0,2.0,1.875,0.125,True,True,0.9596067667007446,3.1793065071105957,True,True
perturbed,3,dropout,dropout_realization_00,alpha,1.0,1.0,0.10315621291925593,1,0,AB,1,B,22.75,20.875,1.875,1.875,0.0,False,False,0.9754087924957275,2.9485650062561035,True,True
perturbed,3,dropout,dropout_realization_00,alpha,1.0,1.0,0.10807752539493615,1,1,AB,0,A,23.75,21.75,2.0,2.0,0.0,True,False,0.9636181592941284,2.872736930847168,True,True
perturbed,3,dropout,dropout_realization_00,alpha,1.0,1.0,0.0902606665409806,1,1,AB,1,B,23.75,21.875,1.875,2.0,-0.125,False,True,0.9639575481414795,3.1747477054595947,True,True
perturbed,3,dropout,dropout_realization_00,alpha,8.0,8.0,0.8758722749145574,0,0,AB,0,A,26.125,23.25,2.875,2.375,0.5,True,True,7.957658290863037,3.0116465091705322,True,True
perturbed,3,dropout,dropout_realization_00,alpha,8.0,8.0,0.8697544945500957,0,0,AB,1,B,25.875,25.0,0.875,2.375,-1.5,False,True,8.316500663757324,3.0958008766174316,True,True
perturbed,3,dropout,dropout_realization_00,alpha,8.0,8.0,0.8692559401024407,0,1,AB,0,A,26.0,23.75,2.25,2.25,0.0,True,False,8.273902893066406,3.102609634399414,True,True
perturbed,3,dropout,dropout_realization_00,alpha,8.0,8.0,0.8693064862515509,0,1,AB,1,B,25.375,26.0,-0.625,2.25,-2.875,True,True,7.512452602386475,3.101919651031494,True,True
perturbed,3,dropout,dropout_realization_00,alpha,8.0,8.0,0.8636045872461051,1,0,AB,0,A,25.5,23.625,1.875,1.875,0.0,True,False,7.499657154083252,3.1793065071105957,True,True
perturbed,3,dropout,dropout_realization_00,alpha,8.0,8.0,0.880402353166615,1,0,AB,1,B,25.125,25.125,0.0,1.875,-1.875,False,True,8.01977825164795,2.9485650062561035,True,True
perturbed,3,dropout,dropout_realization_00,alpha,8.0,8.0,0.8857810587022724,1,1,AB,0,A,25.625,23.5,2.125,2.0,0.125,True,True,8.147289276123047,2.872736930847168,True,True
perturbed,3,dropout,dropout_realization_00,alpha,8.0,8.0,0.8639422796622237,1,1,AB,1,B,25.625,25.25,0.375,2.0,-1.625,False,True,7.824488639831543,3.1747477054595947,True,True
perturbed,3,dropout,dropout_realization_00,alpha,64.0,64.0,0.9977905334954755,0,0,AB,0,A,24.0,22.125,1.875,2.375,-0.5,True,False,63.238372802734375,3.0116465091705322,True,True
perturbed,3,dropout,dropout_realization_00,alpha,64.0,64.0,0.9976656224529344,0,0,AB,1,B,20.5,20.0,0.5,2.375,-1.875,False,True,57.73370361328125,3.0958008766174316,True,True
perturbed,3,dropout,dropout_realization_00,alpha,64.0,64.0,0.9976553670241537,0,1,AB,0,A,25.125,22.5,2.625,2.25,0.375,True,True,44.55571746826172,3.102609634399414,True,True
perturbed,3,dropout,dropout_realization_00,alpha,64.0,64.0,0.9976564073012872,0,1,AB,1,B,19.75,21.875,-2.125,2.25,-4.375,True,True,58.93679428100586,3.101919651031494,True,True
perturbed,3,dropout,dropout_realization_00,alpha,64.0,64.0,0.9975383039386441,1,0,AB,0,A,24.375,22.5,1.875,1.875,0.0,True,False,47.985172271728516,3.1793065071105957,True,True
perturbed,3,dropout,dropout_realization_00,alpha,64.0,64.0,0.997881928465137,1,0,AB,1,B,23.375,22.75,0.625,1.875,-1.25,False,True,57.341896057128906,2.9485650062561035,True,True
perturbed,3,dropout,dropout_realization_00,alpha,64.0,64.0,0.9979892520653535,1,1,AB,0,A,25.25,23.625,1.625,2.0,-0.375,True,False,40.79376220703125,2.872736930847168,True,True
perturbed,3,dropout,dropout_realization_00,alpha,64.0,64.0,0.9975453412034011,1,1,AB,1,B,24.625,23.625,1.0,2.0,-1.0,False,True,54.782962799072266,3.1747477054595947,True,True
perturbed,3,dropout,dropout_realization_00,z,0.02,0.047837888393899956,0.00025224725471436916,0,0,AB,0,A,24.125,21.75,2.375,2.375,0.0,True,False,0.020682301372289658,3.0116465091705322,True,True
perturbed,3,dropout,dropout_realization_00,z,0.02,0.047837888393899956,0.00023872300701389596,0,0,AB,1,B,24.0,21.625,2.375,2.375,0.0,False,False,0.030749138444662094,3.0958008766174316,True,True
perturbed,3,dropout,dropout_realization_00,z,0.02,0.047837888393899956,0.00023767663771421727,0,1,AB,0,A,23.625,21.375,2.25,2.25,0.0,True,False,0.0519733652472496,3.102609634399414,True,True
perturbed,3,dropout,dropout_realization_00,z,0.02,0.047837888393899956,0.00023778236074095045,0,1,AB,1,B,23.625,21.5,2.125,2.25,-0.125,False,True,0.026409588754177094,3.101919651031494,True,True
perturbed,3,dropout,dropout_realization_00,z,0.02,0.047837888393899956,0.00022635020435191194,1,0,AB,0,A,22.75,20.875,1.875,1.875,0.0,True,False,0.04217003285884857,3.1793065071105957,True,True
perturbed,3,dropout,dropout_realization_00,z,0.02,0.047837888393899956,0.0002631529770833279,1,0,AB,1,B,22.875,21.0,1.875,1.875,0.0,False,False,0.0335942879319191,2.9485650062561035,True,True
perturbed,3,dropout,dropout_realization_00,z,0.02,0.047837888393899956,0.00027722466898304736,1,1,AB,0,A,23.625,21.625,2.0,2.0,0.0,True,False,0.058448273688554764,2.872736930847168,True,True
perturbed,3,dropout,dropout_realization_00,z,0.02,0.047837888393899956,0.00022700058179671523,1,1,AB,1,B,23.75,21.75,2.0,2.0,0.0,False,False,0.03632328659296036,3.1747477054595947,True,True
perturbed,3,dropout,dropout_realization_00,z,0.2,0.4783788839389995,0.024610149060122703,0,0,AB,0,A,24.125,21.75,2.375,2.375,0.0,True,False,0.4622454047203064,3.0116465091705322,True,True
perturbed,3,dropout,dropout_realization_00,z,0.2,0.4783788839389995,0.02332113875666269,0,0,AB,1,B,24.0,21.625,2.375,2.375,0.0,False,False,0.45285576581954956,3.0958008766174316,True,True
perturbed,3,dropout,dropout_realization_00,z,0.2,0.4783788839389995,0.023221267642563815,0,1,AB,0,A,23.75,21.625,2.125,2.25,-0.125,True,False,0.41641220450401306,3.102609634399414,True,True
perturbed,3,dropout,dropout_realization_00,z,0.2,0.4783788839389995,0.02323135933497184,0,1,AB,1,B,23.625,21.375,2.25,2.25,0.0,False,False,0.474595308303833,3.101919651031494,True,True
perturbed,3,dropout,dropout_realization_00,z,0.2,0.4783788839389995,0.022138916750462086,1,0,AB,0,A,23.0,21.0,2.0,1.875,0.125,True,True,0.4990338087081909,3.1793065071105957,True,True
perturbed,3,dropout,dropout_realization_00,z,0.2,0.4783788839389995,0.02564713483955093,1,0,AB,1,B,22.875,20.875,2.0,1.875,0.125,False,False,0.4274304211139679,2.9485650062561035,True,True
perturbed,3,dropout,dropout_realization_00,z,0.2,0.4783788839389995,0.026981940991963035,1,1,AB,0,A,23.625,21.75,1.875,2.0,-0.125,True,False,0.4292997717857361,2.872736930847168,True,True
perturbed,3,dropout,dropout_realization_00,z,0.2,0.4783788839389995,0.022201130886520783,1,1,AB,1,B,23.625,21.625,2.0,2.0,0.0,False,False,0.43020614981651306,3.1747477054595947,True,True
perturbed,3,dropout,dropout_realization_00,z,2.0,4.783788839389995,0.7161597891032544,0,0,AB,0,A,25.5,23.375,2.125,2.375,-0.25,True,False,4.770951271057129,3.0116465091705322,True,True
perturbed,3,dropout,dropout_realization_00,z,2.0,4.783788839389995,0.7048231971895738,0,0,AB,1,B,25.25,24.125,1.125,2.375,-1.25,False,True,4.775495529174805,3.0958008766174316,True,True
perturbed,3,dropout,dropout_realization_00,z,2.0,4.783788839389995,0.7039082406695019,0,1,AB,0,A,25.5,22.375,3.125,2.25,0.875,True,True,4.745901107788086,3.102609634399414,True,True
perturbed,3,dropout,dropout_realization_00,z,2.0,4.783788839389995,0.7040009434475806,0,1,AB,1,B,24.625,25.25,-0.625,2.25,-2.875,True,True,4.689647674560547,3.101919651031494,True,True
perturbed,3,dropout,dropout_realization_00,z,2.0,4.783788839389995,0.6936288123483373,1,0,AB,0,A,24.625,22.875,1.75,1.875,-0.125,True,False,4.749968528747559,3.1793065071105957,True,True
perturbed,3,dropout,dropout_realization_00,z,2.0,4.783788839389995,0.7246864655691035,1,0,AB,1,B,24.375,24.375,0.0,1.875,-1.875,False,True,4.749034404754639,2.9485650062561035,True,True
perturbed,3,dropout,dropout_realization_00,z,2.0,4.783788839389995,0.7349600031059065,1,1,AB,0,A,25.25,23.25,2.0,2.0,0.0,True,False,4.727507591247559,2.872736930847168,True,True
perturbed,3,dropout,dropout_realization_00,z,2.0,4.783788839389995,0.6942383398832886,1,1,AB,1,B,24.75,23.875,0.875,2.0,-1.125,False,True,4.853739261627197,3.1747477054595947,True,True
perturbed,16,concept,concept__l16__Dust,alpha,1.0,1.0,,0,0,AB,0,A,24.0,21.625,2.375,2.375,0.0,True,False,1.0036510229110718,12.204428672790527,True,True
perturbed,16,concept,concept__l16__Dust,alpha,1.0,1.0,,0,0,AB,1,B,24.125,21.625,2.5,2.375,0.125,False,False,1.0029577016830444,11.859325408935547,True,True
perturbed,16,concept,concept__l16__Dust,alpha,1.0,1.0,,0,1,AB,0,A,23.75,21.5,2.25,2.25,0.0,True,False,1.0032731294631958,11.91563892364502,True,True
perturbed,16,concept,concept__l16__Dust,alpha,1.0,1.0,,0,1,AB,1,B,23.625,21.5,2.125,2.25,-0.125,False,True,1.0029733180999756,12.061326026916504,True,True
perturbed,16,concept,concept__l16__Dust,alpha,1.0,1.0,,1,0,AB,0,A,22.875,21.0,1.875,1.875,0.0,True,False,1.0027159452438354,11.82147216796875,True,True
perturbed,16,concept,concept__l16__Dust,alpha,1.0,1.0,,1,0,AB,1,B,22.75,21.0,1.75,1.875,-0.125,False,True,1.0022308826446533,11.638043403625488,True,True
perturbed,16,concept,concept__l16__Dust,alpha,1.0,1.0,,1,1,AB,0,A,23.625,21.625,2.0,2.0,0.0,True,False,1.0029573440551758,11.798316955566406,True,True
perturbed,16,concept,concept__l16__Dust,alpha,1.0,1.0,,1,1,AB,1,B,23.625,21.625,2.0,2.0,0.0,False,False,1.0029932260513306,11.567863464355469,True,True
perturbed,16,concept,concept__l16__Dust,alpha,8.0,8.0,,0,0,AB,0,A,24.0,21.625,2.375,2.375,0.0,True,False,8.00711727142334,12.204428672790527,True,True
perturbed,16,concept,concept__l16__Dust,alpha,8.0,8.0,,0,0,AB,1,B,24.125,21.5,2.625,2.375,0.25,False,False,8.006105422973633,11.859325408935547,True,True
perturbed,16,concept,concept__l16__Dust,alpha,8.0,8.0,,0,1,AB,0,A,23.625,21.5,2.125,2.25,-0.125,True,False,8.005606651306152,11.91563892364502,True,True
perturbed,16,concept,concept__l16__Dust,alpha,8.0,8.0,,0,1,AB,1,B,23.75,21.25,2.5,2.25,0.25,False,False,8.004072189331055,12.061326026916504,True,True
perturbed,16,concept,concept__l16__Dust,alpha,8.0,8.0,,1,0,AB,0,A,22.75,21.0,1.75,1.875,-0.125,True,False,8.006142616271973,11.82147216796875,True,True
perturbed,16,concept,concept__l16__Dust,alpha,8.0,8.0,,1,0,AB,1,B,22.75,20.875,1.875,1.875,0.0,False,False,8.004997253417969,11.638043403625488,True,True
perturbed,16,concept,concept__l16__Dust,alpha,8.0,8.0,,1,1,AB,0,A,23.625,21.75,1.875,2.0,-0.125,True,False,8.0062255859375,11.798316955566406,True,True
perturbed,16,concept,concept__l16__Dust,alpha,8.0,8.0,,1,1,AB,1,B,23.625,21.625,2.0,2.0,0.0,False,False,8.005147933959961,11.567863464355469,True,True
perturbed,16,concept,concept__l16__Dust,alpha,64.0,64.0,,0,0,AB,0,A,15.3125,14.375,0.9375,2.375,-1.4375,True,False,64.03480529785156,12.204428672790527,True,True
perturbed,16,concept,concept__l16__Dust,alpha,64.0,64.0,,0,0,AB,1,B,16.125,15.3125,0.8125,2.375,-1.5625,False,True,64.05144500732422,11.859325408935547,True,True
perturbed,16,concept,concept__l16__Dust,alpha,64.0,64.0,,0,1,AB,0,A,15.0625,14.375,0.6875,2.25,-1.5625,True,False,64.04301452636719,11.91563892364502,True,True
perturbed,16,concept,concept__l16__Dust,alpha,64.0,64.0,,0,1,AB,1,B,15.625,14.9375,0.6875,2.25,-1.5625,False,True,64.04398345947266,12.061326026916504,True,True
perturbed,16,concept,concept__l16__Dust,alpha,64.0,64.0,,1,0,AB,0,A,13.9375,13.5,0.4375,1.875,-1.4375,True,False,64.04881286621094,11.82147216796875,True,True
perturbed,16,concept,concept__l16__Dust,alpha,64.0,64.0,,1,0,AB,1,B,14.5,13.875,0.625,1.875,-1.25,False,True,64.04352569580078,11.638043403625488,True,True
perturbed,16,concept,concept__l16__Dust,alpha,64.0,64.0,,1,1,AB,0,A,13.875,13.3125,0.5625,2.0,-1.4375,True,False,64.04078674316406,11.798316955566406,True,True
perturbed,16,concept,concept__l16__Dust,alpha,64.0,64.0,,1,1,AB,1,B,15.125,14.5625,0.5625,2.0,-1.4375,False,True,64.05577087402344,11.567863464355469,True,True
perturbed,16,concept,concept__l16__Dust,z,0.02,2.012605905143021,,0,0,AB,0,A,24.125,21.75,2.375,2.375,0.0,True,False,2.011688709259033,12.204428672790527,True,True
perturbed,16,concept,concept__l16__Dust,z,0.02,2.012605905143021,,0,0,AB,1,B,24.125,21.625,2.5,2.375,0.125,False,False,2.0123744010925293,11.859325408935547,True,True
perturbed,16,concept,concept__l16__Dust,z,0.02,2.012605905143021,,0,1,AB,0,A,23.625,21.5,2.125,2.25,-0.125,True,False,2.0113778114318848,11.91563892364502,True,True
perturbed,16,concept,concept__l16__Dust,z,0.02,2.012605905143021,,0,1,AB,1,B,23.75,21.5,2.25,2.25,0.0,False,False,2.0124497413635254,12.061326026916504,True,True
perturbed,16,concept,concept__l16__Dust,z,0.02,2.012605905143021,,1,0,AB,0,A,22.875,21.0,1.875,1.875,0.0,True,False,2.0117931365966797,11.82147216796875,True,True
perturbed,16,concept,concept__l16__Dust,z,0.02,2.012605905143021,,1,0,AB,1,B,22.75,21.0,1.75,1.875,-0.125,False,True,2.012439012527466,11.638043403625488,True,True
perturbed,16,concept,concept__l16__Dust,z,0.02,2.012605905143021,,1,1,AB,0,A,23.625,21.625,2.0,2.0,0.0,True,False,2.012770175933838,11.798316955566406,True,True
perturbed,16,concept,concept__l16__Dust,z,0.02,2.012605905143021,,1,1,AB,1,B,23.625,21.625,2.0,2.0,0.0,False,False,2.0123860836029053,11.567863464355469,True,True
perturbed,16,concept,concept__l16__Dust,z,0.2,20.126059051430214,,0,0,AB,0,A,24.0,22.0,2.0,2.375,-0.375,True,False,20.144996643066406,12.204428672790527,True,True
perturbed,16,concept,concept__l16__Dust,z,0.2,20.126059051430214,,0,0,AB,1,B,24.25,22.125,2.125,2.375,-0.25,False,True,20.146848678588867,11.859325408935547,True,True
perturbed,16,concept,concept__l16__Dust,z,0.2,20.126059051430214,,0,1,AB,0,A,23.75,21.875,1.875,2.25,-0.375,True,False,20.148967742919922,11.91563892364502,True,True
perturbed,16,concept,concept__l16__Dust,z,0.2,20.126059051430214,,0,1,AB,1,B,23.75,21.875,1.875,2.25,-0.375,False,True,20.144332885742188,12.061326026916504,True,True
perturbed,16,concept,concept__l16__Dust,z,0.2,20.126059051430214,,1,0,AB,0,A,23.0,21.625,1.375,1.875,-0.5,True,False,20.147489547729492,11.82147216796875,True,True
perturbed,16,concept,concept__l16__Dust,z,0.2,20.126059051430214,,1,0,AB,1,B,23.0,21.5,1.5,1.875,-0.375,False,True,20.143810272216797,11.638043403625488,True,True
perturbed,16,concept,concept__l16__Dust,z,0.2,20.126059051430214,,1,1,AB,0,A,23.75,22.125,1.625,2.0,-0.375,True,False,20.145288467407227,11.798316955566406,True,True
perturbed,16,concept,concept__l16__Dust,z,0.2,20.126059051430214,,1,1,AB,1,B,23.75,22.125,1.625,2.0,-0.375,False,True,20.14453125,11.567863464355469,True,True
perturbed,16,concept,concept__l16__Dust,z,2.0,201.26059051430212,,0,0,AB,0,A,11.4375,9.125,2.3125,2.375,-0.0625,True,False,201.36880493164062,12.204428672790527,False,True
perturbed,16,concept,concept__l16__Dust,z,2.0,201.26059051430212,,0,0,AB,1,B,12.25,9.75,2.5,2.375,0.125,False,False,201.36703491210938,11.859325408935547,False,True
perturbed,16,concept,concept__l16__Dust,z,2.0,201.26059051430212,,0,1,AB,0,A,11.125,8.8125,2.3125,2.25,0.0625,True,True,201.3650360107422,11.91563892364502,False,True
perturbed,16,concept,concept__l16__Dust,z,2.0,201.26059051430212,,0,1,AB,1,B,11.8125,9.625,2.1875,2.25,-0.0625,False,True,201.3792724609375,12.061326026916504,False,True
perturbed,16,concept,concept__l16__Dust,z,2.0,201.26059051430212,,1,0,AB,0,A,10.0625,8.25,1.8125,1.875,-0.0625,True,False,201.37222290039062,11.82147216796875,False,True
perturbed,16,concept,concept__l16__Dust,z,2.0,201.26059051430212,,1,0,AB,1,B,10.9375,8.75,2.1875,1.875,0.3125,False,False,201.38616943359375,11.638043403625488,False,True
perturbed,16,concept,concept__l16__Dust,z,2.0,201.26059051430212,,1,1,AB,0,A,10.1875,7.875,2.3125,2.0,0.3125,True,True,201.39430236816406,11.798316955566406,False,True
perturbed,16,concept,concept__l16__Dust,z,2.0,201.26059051430212,,1,1,AB,1,B,11.0,8.6875,2.3125,2.0,0.3125,False,False,201.36166381835938,11.567863464355469,False,True
perturbed,16,random,random__l16__0000,alpha,1.0,1.0,,0,0,AB,0,A,24.0,21.625,2.375,2.375,0.0,True,False,1.0000691413879395,12.204428672790527,True,True
perturbed,16,random,random__l16__0000,alpha,1.0,1.0,,0,0,AB,1,B,24.0,21.625,2.375,2.375,0.0,False,False,1.0000643730163574,11.859325408935547,True,True
perturbed,16,random,random__l16__0000,alpha,1.0,1.0,,0,1,AB,0,A,23.625,21.5,2.125,2.25,-0.125,True,False,1.0002918243408203,11.91563892364502,True,True
perturbed,16,random,random__l16__0000,alpha,1.0,1.0,,0,1,AB,1,B,23.75,21.5,2.25,2.25,0.0,False,False,1.0002033710479736,12.061326026916504,True,True
perturbed,16,random,random__l16__0000,alpha,1.0,1.0,,1,0,AB,0,A,22.75,21.0,1.75,1.875,-0.125,True,False,1.0001734495162964,11.82147216796875,True,True
perturbed,16,random,random__l16__0000,alpha,1.0,1.0,,1,0,AB,1,B,22.75,21.0,1.75,1.875,-0.125,False,True,1.0001850128173828,11.638043403625488,True,True
perturbed,16,random,random__l16__0000,alpha,1.0,1.0,,1,1,AB,0,A,23.625,21.75,1.875,2.0,-0.125,True,False,1.0001333951950073,11.798316955566406,True,True
perturbed,16,random,random__l16__0000,alpha,1.0,1.0,,1,1,AB,1,B,23.625,21.625,2.0,2.0,0.0,False,False,1.0000567436218262,11.567863464355469,True,True
perturbed,16,random,random__l16__0000,alpha,8.0,8.0,,0,0,AB,0,A,24.0,21.875,2.125,2.375,-0.25,True,False,7.999929428100586,12.204428672790527,True,True
perturbed,16,random,random__l16__0000,alpha,8.0,8.0,,0,0,AB,1,B,24.0,21.75,2.25,2.375,-0.125,False,True,7.9996795654296875,11.859325408935547,True,True
perturbed,16,random,random__l16__0000,alpha,8.0,8.0,,0,1,AB,0,A,23.75,21.75,2.0,2.25,-0.25,True,False,7.999558925628662,11.91563892364502,True,True
perturbed,16,random,random__l16__0000,alpha,8.0,8.0,,0,1,AB,1,B,23.625,21.5,2.125,2.25,-0.125,False,True,7.999767303466797,12.061326026916504,True,True
perturbed,16,random,random__l16__0000,alpha,8.0,8.0,,1,0,AB,0,A,22.75,21.125,1.625,1.875,-0.25,True,False,7.999795436859131,11.82147216796875,True,True
perturbed,16,random,random__l16__0000,alpha,8.0,8.0,,1,0,AB,1,B,22.875,21.0,1.875,1.875,0.0,False,False,7.999739646911621,11.638043403625488,True,True
perturbed,16,random,random__l16__0000,alpha,8.0,8.0,,1,1,AB,0,A,23.625,21.75,1.875,2.0,-0.125,True,False,7.9996657371521,11.798316955566406,True,True
perturbed,16,random,random__l16__0000,alpha,8.0,8.0,,1,1,AB,1,B,23.5,21.625,1.875,2.0,-0.125,False,True,7.999790191650391,11.567863464355469,True,True
perturbed,16,random,random__l16__0000,alpha,64.0,64.0,,0,0,AB,0,A,24.375,22.5,1.875,2.375,-0.5,True,False,63.99331283569336,12.204428672790527,True,True
perturbed,16,random,random__l16__0000,alpha,64.0,64.0,,0,0,AB,1,B,24.5,22.75,1.75,2.375,-0.625,False,True,63.99677276611328,11.859325408935547,True,True
perturbed,16,random,random__l16__0000,alpha,64.0,64.0,,0,1,AB,0,A,23.875,22.375,1.5,2.25,-0.75,True,False,63.99476623535156,11.91563892364502,True,True
perturbed,16,random,random__l16__0000,alpha,64.0,64.0,,0,1,AB,1,B,23.75,22.375,1.375,2.25,-0.875,False,True,63.996368408203125,12.061326026916504,True,True
perturbed,16,random,random__l16__0000,alpha,64.0,64.0,,1,0,AB,0,A,22.5,21.25,1.25,1.875,-0.625,True,False,63.996402740478516,11.82147216796875,True,True
perturbed,16,random,random__l16__0000,alpha,64.0,64.0,,1,0,AB,1,B,22.5,21.25,1.25,1.875,-0.625,False,True,63.99632263183594,11.638043403625488,True,True
perturbed,16,random,random__l16__0000,alpha,64.0,64.0,,1,1,AB,0,A,23.5,22.125,1.375,2.0,-0.625,True,False,63.997161865234375,11.798316955566406,True,True
perturbed,16,random,random__l16__0000,alpha,64.0,64.0,,1,1,AB,1,B,23.5,22.25,1.25,2.0,-0.75,False,True,63.99639129638672,11.567863464355469,True,True
perturbed,16,random,random__l16__0000,z,0.02,0.006221069475062175,,0,0,AB,0,A,24.125,21.75,2.375,2.375,0.0,True,False,0.004551224410533905,12.204428672790527,True,True
perturbed,16,random,random__l16__0000,z,0.02,0.006221069475062175,,0,0,AB,1,B,24.125,21.75,2.375,2.375,0.0,False,False,0.004671105183660984,11.859325408935547,True,True
perturbed,16,random,random__l16__0000,z,0.02,0.006221069475062175,,0,1,AB,0,A,23.625,21.5,2.125,2.25,-0.125,True,False,0.004709666129201651,11.91563892364502,True,True
perturbed,16,random,random__l16__0000,z,0.02,0.006221069475062175,,0,1,AB,1,B,23.625,21.5,2.125,2.25,-0.125,False,True,0.004483675118535757,12.061326026916504,True,True
perturbed,16,random,random__l16__0000,z,0.02,0.006221069475062175,,1,0,AB,0,A,22.875,21.0,1.875,1.875,0.0,True,False,0.004624636843800545,11.82147216796875,True,True
perturbed,16,random,random__l16__0000,z,0.02,0.006221069475062175,,1,0,AB,1,B,22.875,21.0,1.875,1.875,0.0,False,False,0.0046133724972605705,11.638043403625488,True,True
perturbed,16,random,random__l16__0000,z,0.02,0.006221069475062175,,1,1,AB,0,A,23.625,21.625,2.0,2.0,0.0,True,False,0.004585212096571922,11.798316955566406,True,True
perturbed,16,random,random__l16__0000,z,0.02,0.006221069475062175,,1,1,AB,1,B,23.625,21.75,1.875,2.0,-0.125,False,True,0.004653926473110914,11.567863464355469,True,True
perturbed,16,random,random__l16__0000,z,0.2,0.06221069475062174,,0,0,AB,0,A,24.0,21.625,2.375,2.375,0.0,True,False,0.06345465779304504,12.204428672790527,True,True
perturbed,16,random,random__l16__0000,z,0.2,0.06221069475062174,,0,0,AB,1,B,24.125,21.75,2.375,2.375,0.0,False,False,0.06331637501716614,11.859325408935547,True,True
perturbed,16,random,random__l16__0000,z,0.2,0.06221069475062174,,0,1,AB,0,A,23.625,21.5,2.125,2.25,-0.125,True,False,0.06325535476207733,11.91563892364502,True,True
perturbed,16,random,random__l16__0000,z,0.2,0.06221069475062174,,0,1,AB,1,B,23.75,21.5,2.25,2.25,0.0,False,False,0.06331736594438553,12.061326026916504,True,True
perturbed,16,random,random__l16__0000,z,0.2,0.06221069475062174,,1,0,AB,0,A,22.75,21.0,1.75,1.875,-0.125,True,False,0.06321059167385101,11.82147216796875,True,True
perturbed,16,random,random__l16__0000,z,0.2,0.06221069475062174,,1,0,AB,1,B,22.75,21.0,1.75,1.875,-0.125,False,True,0.0633484348654747,11.638043403625488,True,True
perturbed,16,random,random__l16__0000,z,0.2,0.06221069475062174,,1,1,AB,0,A,23.625,21.625,2.0,2.0,0.0,True,False,0.06339417397975922,11.798316955566406,True,True
perturbed,16,random,random__l16__0000,z,0.2,0.06221069475062174,,1,1,AB,1,B,23.625,21.625,2.0,2.0,0.0,False,False,0.0632946714758873,11.567863464355469,True,True
perturbed,16,random,random__l16__0000,z,2.0,0.6221069475062174,,0,0,AB,0,A,24.125,21.75,2.375,2.375,0.0,True,False,0.622333288192749,12.204428672790527,True,True
perturbed,16,random,random__l16__0000,z,2.0,0.6221069475062174,,0,0,AB,1,B,24.125,21.75,2.375,2.375,0.0,False,False,0.6223084926605225,11.859325408935547,True,True
perturbed,16,random,random__l16__0000,z,2.0,0.6221069475062174,,0,1,AB,0,A,23.625,21.5,2.125,2.25,-0.125,True,False,0.6222679615020752,11.91563892364502,True,True
perturbed,16,random,random__l16__0000,z,2.0,0.6221069475062174,,0,1,AB,1,B,23.75,21.5,2.25,2.25,0.0,False,False,0.6223084926605225,12.061326026916504,True,True
perturbed,16,random,random__l16__0000,z,2.0,0.6221069475062174,,1,0,AB,0,A,22.75,21.0,1.75,1.875,-0.125,True,False,0.6223000288009644,11.82147216796875,True,True
perturbed,16,random,random__l16__0000,z,2.0,0.6221069475062174,,1,0,AB,1,B,22.875,21.0,1.875,1.875,0.0,False,False,0.6222014427185059,11.638043403625488,True,True
perturbed,16,random,random__l16__0000,z,2.0,0.6221069475062174,,1,1,AB,0,A,23.625,21.625,2.0,2.0,0.0,True,False,0.6221685409545898,11.798316955566406,True,True
perturbed,16,random,random__l16__0000,z,2.0,0.6221069475062174,,1,1,AB,1,B,23.625,21.75,1.875,2.0,-0.125,False,True,0.622151792049408,11.567863464355469,True,True
perturbed,16,noise,noise_realization_00,alpha,1.0,1.0,,0,0,AB,0,A,24.125,21.75,2.375,2.375,0.0,True,False,1.0001715421676636,12.204428672790527,True,True
perturbed,16,noise,noise_realization_00,alpha,1.0,1.0,,0,0,AB,1,B,24.125,21.75,2.375,2.375,0.0,False,False,1.0002565383911133,11.859325408935547,True,True
perturbed,16,noise,noise_realization_00,alpha,1.0,1.0,,0,1,AB,0,A,23.625,21.5,2.125,2.25,-0.125,True,False,1.000492811203003,11.91563892364502,True,True
perturbed,16,noise,noise_realization_00,alpha,1.0,1.0,,0,1,AB,1,B,23.625,21.5,2.125,2.25,-0.125,False,True,1.0000948905944824,12.061326026916504,True,True
perturbed,16,noise,noise_realization_00,alpha,1.0,1.0,,1,0,AB,0,A,22.875,21.0,1.875,1.875,0.0,True,False,0.9997959136962891,11.82147216796875,True,True
perturbed,16,noise,noise_realization_00,alpha,1.0,1.0,,1,0,AB,1,B,22.75,21.0,1.75,1.875,-0.125,False,True,1.0000927448272705,11.638043403625488,True,True
perturbed,16,noise,noise_realization_00,alpha,1.0,1.0,,1,1,AB,0,A,23.625,21.625,2.0,2.0,0.0,True,False,1.0002329349517822,11.798316955566406,True,True
perturbed,16,noise,noise_realization_00,alpha,1.0,1.0,,1,1,AB,1,B,23.625,21.625,2.0,2.0,0.0,False,False,1.0001565217971802,11.567863464355469,True,True
perturbed,16,noise,noise_realization_00,alpha,8.0,8.0,,0,0,AB,0,A,24.0,21.625,2.375,2.375,0.0,True,False,8.000079154968262,12.204428672790527,True,True
perturbed,16,noise,noise_realization_00,alpha,8.0,8.0,,0,0,AB,1,B,24.0,21.75,2.25,2.375,-0.125,False,True,7.999969482421875,11.859325408935547,True,True
perturbed,16,noise,noise_realization_00,alpha,8.0,8.0,,0,1,AB,0,A,23.625,21.5,2.125,2.25,-0.125,True,False,7.999764919281006,11.91563892364502,True,True
perturbed,16,noise,noise_realization_00,alpha,8.0,8.0,,0,1,AB,1,B,23.625,21.625,2.0,2.25,-0.25,False,True,8.000024795532227,12.061326026916504,True,True
perturbed,16,noise,noise_realization_00,alpha,8.0,8.0,,1,0,AB,0,A,22.75,21.0,1.75,1.875,-0.125,True,False,7.999960899353027,11.82147216796875,True,True
perturbed,16,noise,noise_realization_00,alpha,8.0,8.0,,1,0,AB,1,B,22.875,20.875,2.0,1.875,0.125,False,False,7.999875545501709,11.638043403625488,True,True
perturbed,16,noise,noise_realization_00,alpha,8.0,8.0,,1,1,AB,0,A,23.625,21.625,2.0,2.0,0.0,True,False,8.000006675720215,11.798316955566406,True,True
perturbed,16,noise,noise_realization_00,alpha,8.0,8.0,,1,1,AB,1,B,23.625,21.625,2.0,2.0,0.0,False,False,7.999973297119141,11.567863464355469,True,True
perturbed,16,noise,noise_realization_00,alpha,64.0,64.0,,0,0,AB,0,A,24.125,22.25,1.875,2.375,-0.5,True,False,64.00013732910156,12.204428672790527,True,True
perturbed,16,noise,noise_realization_00,alpha,64.0,64.0,,0,0,AB,1,B,23.25,21.625,1.625,2.375,-0.75,False,True,63.9958610534668,11.859325408935547,True,True
perturbed,16,noise,noise_realization_00,alpha,64.0,64.0,,0,1,AB,0,A,23.125,21.875,1.25,2.25,-1.0,True,False,63.997581481933594,11.91563892364502,True,True
perturbed,16,noise,noise_realization_00,alpha,64.0,64.0,,0,1,AB,1,B,23.375,22.125,1.25,2.25,-1.0,False,True,63.999420166015625,12.061326026916504,True,True
perturbed,16,noise,noise_realization_00,alpha,64.0,64.0,,1,0,AB,0,A,21.875,20.875,1.0,1.875,-0.875,True,False,63.99708557128906,11.82147216796875,True,True
perturbed,16,noise,noise_realization_00,alpha,64.0,64.0,,1,0,AB,1,B,22.5,21.375,1.125,1.875,-0.75,False,True,63.9973030090332,11.638043403625488,True,True
perturbed,16,noise,noise_realization_00,alpha,64.0,64.0,,1,1,AB,0,A,23.0,21.875,1.125,2.0,-0.875,True,False,63.99879455566406,11.798316955566406,True,True
perturbed,16,noise,noise_realization_00,alpha,64.0,64.0,,1,1,AB,1,B,23.25,22.125,1.125,2.0,-0.875,False,True,63.99809265136719,11.567863464355469,True,True
perturbed,16,noise,noise_realization_00,z,0.02,0.040432732756486255,,0,0,AB,0,A,24.0,21.625,2.375,2.375,0.0,True,False,0.04106444865465164,12.204428672790527,True,True
perturbed,16,noise,noise_realization_00,z,0.02,0.055449654303846095,,0,0,AB,1,B,24.125,21.625,2.5,2.375,0.125,False,False,0.05618995055556297,11.859325408935547,True,True
perturbed,16,noise,noise_realization_00,z,0.02,0.05464756542010989,,0,1,AB,0,A,23.625,21.5,2.125,2.25,-0.125,True,False,0.05533080920577049,11.91563892364502,True,True
perturbed,16,noise,noise_realization_00,z,0.02,0.020475275644286497,,0,1,AB,1,B,23.75,21.625,2.125,2.25,-0.125,False,True,0.020449748262763023,12.061326026916504,True,True
perturbed,16,noise,noise_realization_00,z,0.02,0.027513504528208645,,1,0,AB,0,A,22.875,21.0,1.875,1.875,0.0,True,False,0.027784081175923347,11.82147216796875,True,True
perturbed,16,noise,noise_realization_00,z,0.02,0.041349714557720414,,1,0,AB,1,B,22.75,21.0,1.75,1.875,-0.125,False,True,0.042264990508556366,11.638043403625488,True,True
perturbed,16,noise,noise_realization_00,z,0.02,0.041001613922324084,,1,1,AB,0,A,23.625,21.625,2.0,2.0,0.0,True,False,0.04143526405096054,11.798316955566406,True,True
perturbed,16,noise,noise_realization_00,z,0.02,0.053139381181944834,,1,1,AB,1,B,23.625,21.75,1.875,2.0,-0.125,False,True,0.05431220680475235,11.567863464355469,True,True
perturbed,16,noise,noise_realization_00,z,0.2,0.4616127287070056,,0,0,AB,0,A,24.125,21.625,2.5,2.375,0.125,True,True,0.4621288776397705,12.204428672790527,True,True
perturbed,16,noise,noise_realization_00,z,0.2,0.516110415479584,,0,0,AB,1,B,24.125,21.625,2.5,2.375,0.125,False,False,0.5164735317230225,11.859325408935547,True,True
perturbed,16,noise,noise_realization_00,z,0.2,0.41692598894403615,,0,1,AB,0,A,23.625,21.5,2.125,2.25,-0.125,True,False,0.41745537519454956,11.91563892364502,True,True
perturbed,16,noise,noise_realization_00,z,0.2,0.504785718602521,,0,1,AB,1,B,23.75,21.5,2.25,2.25,0.0,False,False,0.5051895380020142,12.061326026916504,True,True
perturbed,16,noise,noise_realization_00,z,0.2,0.464206664172013,,1,0,AB,0,A,22.75,21.0,1.75,1.875,-0.125,True,False,0.46470391750335693,11.82147216796875,True,True
perturbed,16,noise,noise_realization_00,z,0.2,0.47258534697947546,,1,0,AB,1,B,22.875,21.0,1.875,1.875,0.0,False,False,0.47300904989242554,11.638043403625488,True,True
perturbed,16,noise,noise_realization_00,z,0.2,0.43102173121590753,,1,1,AB,0,A,23.625,21.625,2.0,2.0,0.0,True,False,0.4318768084049225,11.798316955566406,True,True
perturbed,16,noise,noise_realization_00,z,0.2,0.39174815022541737,,1,1,AB,1,B,23.625,21.625,2.0,2.0,0.0,False,False,0.3923109173774719,11.567863464355469,True,True
perturbed,16,noise,noise_realization_00,z,2.0,3.3441535864957426,,0,0,AB,0,A,24.125,21.75,2.375,2.375,0.0,True,False,3.3441734313964844,12.204428672790527,True,True
perturbed,16,noise,noise_realization_00,z,2.0,4.33002406715416,,0,0,AB,1,B,24.125,21.75,2.375,2.375,0.0,False,False,4.330087184906006,11.859325408935547,True,True
perturbed,16,noise,noise_realization_00,z,2.0,3.4620739935094584,,0,1,AB,0,A,23.625,21.5,2.125,2.25,-0.125,True,False,3.462228775024414,11.91563892364502,True,True
perturbed,16,noise,noise_realization_00,z,2.0,7.451744411544439,,0,1,AB,1,B,23.75,21.5,2.25,2.25,0.0,False,False,7.451351165771484,12.061326026916504,True,True
perturbed,16,noise,noise_realization_00,z,2.0,4.763185390560124,,1,0,AB,0,A,22.875,21.0,1.875,1.875,0.0,True,False,4.763219356536865,11.82147216796875,True,True
perturbed,16,noise,noise_realization_00,z,2.0,2.8070314643332415,,1,0,AB,1,B,22.75,21.0,1.75,1.875,-0.125,False,True,2.8069920539855957,11.638043403625488,True,True
perturbed,16,noise,noise_realization_00,z,2.0,4.155141515362751,,1,1,AB,0,A,23.625,21.75,1.875,2.0,-0.125,True,False,4.155040264129639,11.798316955566406,True,True
perturbed,16,noise,noise_realization_00,z,2.0,3.83643696632762,,1,1,AB,1,B,23.625,21.625,2.0,2.0,0.0,False,False,3.836653709411621,11.567863464355469,True,True
perturbed,16,dropout,dropout_realization_00,alpha,1.0,1.0,0.006668975055500781,0,0,AB,0,A,24.125,21.75,2.375,2.375,0.0,True,False,0.7702345848083496,12.204428672790527,True,True
perturbed,16,dropout,dropout_realization_00,alpha,1.0,1.0,0.007059973101259118,0,0,AB,1,B,24.0,21.625,2.375,2.375,0.0,False,False,0.6522413492202759,11.859325408935547,True,True
perturbed,16,dropout,dropout_realization_00,alpha,1.0,1.0,0.006993865284131665,0,1,AB,0,A,23.75,21.5,2.25,2.25,0.0,True,False,0.7193316221237183,11.91563892364502,True,True
perturbed,16,dropout,dropout_realization_00,alpha,1.0,1.0,0.006827076310350396,0,1,AB,1,B,23.75,21.5,2.25,2.25,0.0,False,False,0.9264234304428101,12.061326026916504,True,True
perturbed,16,dropout,dropout_realization_00,alpha,1.0,1.0,0.007104936865749026,1,0,AB,0,A,22.75,21.0,1.75,1.875,-0.125,True,False,0.8257864713668823,11.82147216796875,True,True
perturbed,16,dropout,dropout_realization_00,alpha,1.0,1.0,0.007329011186227471,1,0,AB,1,B,22.75,20.875,1.875,1.875,0.0,False,False,1.6982499361038208,11.638043403625488,True,True
perturbed,16,dropout,dropout_realization_00,alpha,1.0,1.0,0.007132653220921683,1,1,AB,0,A,23.625,21.75,1.875,2.0,-0.125,True,False,1.0512624979019165,11.798316955566406,True,True
perturbed,16,dropout,dropout_realization_00,alpha,1.0,1.0,0.007417546637071205,1,1,AB,1,B,23.625,21.625,2.0,2.0,0.0,False,False,0.7842257618904114,11.567863464355469,True,True
perturbed,16,dropout,dropout_realization_00,alpha,8.0,8.0,0.30054274371315703,0,0,AB,0,A,24.125,21.625,2.5,2.375,0.125,True,True,8.435168266296387,12.204428672790527,True,True
perturbed,16,dropout,dropout_realization_00,alpha,8.0,8.0,0.31273883113987794,0,0,AB,1,B,24.0,22.0,2.0,2.375,-0.375,False,True,7.841010093688965,11.859325408935547,True,True
perturbed,16,dropout,dropout_realization_00,alpha,8.0,8.0,0.31070608055264404,0,1,AB,0,A,23.625,21.5,2.125,2.25,-0.125,True,False,7.975994110107422,11.91563892364502,True,True
perturbed,16,dropout,dropout_realization_00,alpha,8.0,8.0,0.3055248650519973,0,1,AB,1,B,23.625,21.625,2.0,2.25,-0.25,False,True,7.842144012451172,12.061326026916504,True,True
perturbed,16,dropout,dropout_realization_00,alpha,8.0,8.0,0.31411473961382164,1,0,AB,0,A,22.75,21.0,1.75,1.875,-0.125,True,False,8.13363265991211,11.82147216796875,True,True
perturbed,16,dropout,dropout_realization_00,alpha,8.0,8.0,0.3208919926741425,1,0,AB,1,B,22.875,21.0,1.875,1.875,0.0,False,False,8.097076416015625,11.638043403625488,True,True
perturbed,16,dropout,dropout_realization_00,alpha,8.0,8.0,0.31496019129578456,1,1,AB,0,A,23.625,21.75,1.875,2.0,-0.125,True,False,7.718230247497559,11.798316955566406,True,True
perturbed,16,dropout,dropout_realization_00,alpha,8.0,8.0,0.3235338549387444,1,1,AB,1,B,23.625,21.625,2.0,2.0,0.0,False,False,7.9260430335998535,11.567863464355469,True,True
perturbed,16,dropout,dropout_realization_00,alpha,64.0,64.0,0.9649116840891311,0,0,AB,0,A,23.375,21.25,2.125,2.375,-0.25,True,False,70.30039978027344,12.204428672790527,True,True
perturbed,16,dropout,dropout_realization_00,alpha,64.0,64.0,0.9668030609931232,0,0,AB,1,B,20.25,19.5,0.75,2.375,-1.625,False,True,80.28202819824219,11.859325408935547,True,True
perturbed,16,dropout,dropout_realization_00,alpha,64.0,64.0,0.9664976312191745,0,1,AB,0,A,22.25,21.125,1.125,2.25,-1.125,True,False,45.583343505859375,11.91563892364502,True,True
perturbed,16,dropout,dropout_realization_00,alpha,64.0,64.0,0.9657016567479597,0,1,AB,1,B,20.375,19.875,0.5,2.25,-1.75,False,True,58.12163543701172,12.061326026916504,True,True
perturbed,16,dropout,dropout_realization_00,alpha,64.0,64.0,0.9670076618172831,1,0,AB,0,A,22.25,20.625,1.625,1.875,-0.25,True,False,54.19806671142578,11.82147216796875,True,True
perturbed,16,dropout,dropout_realization_00,alpha,64.0,64.0,0.9679910563562425,1,0,AB,1,B,20.875,20.125,0.75,1.875,-1.125,False,True,63.02156448364258,11.638043403625488,True,True
perturbed,16,dropout,dropout_realization_00,alpha,64.0,64.0,0.9671325383256895,1,1,AB,0,A,18.625,16.625,2.0,2.0,0.0,True,False,56.66670227050781,11.798316955566406,True,True
perturbed,16,dropout,dropout_realization_00,alpha,64.0,64.0,0.9683637581277181,1,1,AB,1,B,21.75,17.75,4.0,2.0,2.0,False,False,55.515995025634766,11.567863464355469,True,True
perturbed,16,dropout,dropout_realization_00,z,0.02,0.022005024417827125,3.2509282964023866e-06,0,0,AB,0,A,24.0,21.625,2.375,2.375,0.0,True,False,0.0,12.204428672790527,True,True
perturbed,16,dropout,dropout_realization_00,z,0.02,0.022005024417827125,3.4428828288085006e-06,0,0,AB,1,B,24.0,21.625,2.375,2.375,0.0,False,False,0.0,11.859325408935547,True,True
perturbed,16,dropout,dropout_realization_00,z,0.02,0.022005024417827125,3.410417590085949e-06,0,1,AB,0,A,23.75,21.5,2.25,2.25,0.0,True,False,0.0,11.91563892364502,True,True
perturbed,16,dropout,dropout_realization_00,z,0.02,0.022005024417827125,3.328527506040798e-06,0,1,AB,1,B,23.75,21.5,2.25,2.25,0.0,False,False,0.0,12.061326026916504,True,True
perturbed,16,dropout,dropout_realization_00,z,0.02,0.022005024417827125,3.464966791489926e-06,1,0,AB,0,A,22.875,21.0,1.875,1.875,0.0,True,False,0.0,11.82147216796875,True,True
perturbed,16,dropout,dropout_realization_00,z,0.02,0.022005024417827125,3.575050755405982e-06,1,0,AB,1,B,22.875,21.0,1.875,1.875,0.0,False,False,0.0,11.638043403625488,True,True
perturbed,16,dropout,dropout_realization_00,z,0.02,0.022005024417827125,3.4785806813528e-06,1,1,AB,0,A,23.625,21.625,2.0,2.0,0.0,True,False,0.0,11.798316955566406,True,True
perturbed,16,dropout,dropout_realization_00,z,0.02,0.022005024417827125,3.61856043302283e-06,1,1,AB,1,B,23.625,21.625,2.0,2.0,0.0,False,False,0.0,11.567863464355469,True,True
perturbed,16,dropout,dropout_realization_00,z,0.2,0.22005024417827124,0.00032498823480883336,0,0,AB,0,A,24.125,21.75,2.375,2.375,0.0,True,False,0.06739421933889389,12.204428672790527,True,True
perturbed,16,dropout,dropout_realization_00,z,0.2,0.22005024417827124,0.000344170973787603,0,0,AB,1,B,24.125,21.75,2.375,2.375,0.0,False,False,0.08529110997915268,11.859325408935547,True,True
perturbed,16,dropout,dropout_realization_00,z,0.2,0.22005024417827124,0.00034092665148592827,0,1,AB,0,A,23.75,21.625,2.125,2.25,-0.125,True,False,0.08009454607963562,11.91563892364502,True,True
perturbed,16,dropout,dropout_realization_00,z,0.2,0.22005024417827124,0.00033274310369134466,0,1,AB,1,B,23.75,21.5,2.25,2.25,0.0,False,False,0.1298520416021347,12.061326026916504,True,True
perturbed,16,dropout,dropout_realization_00,z,0.2,0.22005024417827124,0.0003463778605583625,1,0,AB,0,A,22.875,21.0,1.875,1.875,0.0,True,False,0.08068161457777023,11.82147216796875,True,True
perturbed,16,dropout,dropout_realization_00,z,0.2,0.22005024417827124,0.00035737858852790273,1,0,AB,1,B,22.75,20.875,1.875,1.875,0.0,False,False,0.11480001360177994,11.638043403625488,True,True
perturbed,16,dropout,dropout_realization_00,z,0.2,0.22005024417827124,0.0003477383141928701,1,1,AB,0,A,23.625,21.625,2.0,2.0,0.0,True,False,0.09350671619176865,11.798316955566406,True,True
perturbed,16,dropout,dropout_realization_00,z,0.2,0.22005024417827124,0.00036172645932600685,1,1,AB,1,B,23.625,21.75,1.875,2.0,-0.125,False,True,0.1827290654182434,11.567863464355469,True,True
perturbed,16,dropout,dropout_realization_00,z,2.0,2.2005024417827124,0.03148580439760468,0,0,AB,0,A,24.125,21.75,2.375,2.375,0.0,True,False,2.011687994003296,12.204428672790527,True,True
perturbed,16,dropout,dropout_realization_00,z,2.0,2.2005024417827124,0.03328304658203727,0,0,AB,1,B,24.125,21.625,2.5,2.375,0.125,False,False,1.958327054977417,11.859325408935547,True,True
perturbed,16,dropout,dropout_realization_00,z,2.0,2.2005024417827124,0.032979548066499574,0,1,AB,0,A,23.625,21.5,2.125,2.25,-0.125,True,False,1.634661078453064,11.91563892364502,True,True
perturbed,16,dropout,dropout_realization_00,z,2.0,2.2005024417827124,0.032213158443437584,0,1,AB,1,B,23.75,21.625,2.125,2.25,-0.125,False,True,2.6475367546081543,12.061326026916504,True,True
perturbed,16,dropout,dropout_realization_00,z,2.0,2.2005024417827124,0.03348938778895524,1,0,AB,0,A,22.75,21.0,1.75,1.875,-0.125,True,False,1.8834006786346436,11.82147216796875,True,True
perturbed,16,dropout,dropout_realization_00,z,2.0,2.2005024417827124,0.03451664343108809,1,0,AB,1,B,22.875,21.0,1.875,1.875,0.0,False,False,2.102630138397217,11.638043403625488,True,True
perturbed,16,dropout,dropout_realization_00,z,2.0,2.2005024417827124,0.03361654510754314,1,1,AB,0,A,23.625,21.625,2.0,2.0,0.0,True,False,2.6403870582580566,11.798316955566406,True,True
perturbed,16,dropout,dropout_realization_00,z,2.0,2.2005024417827124,0.034922055032008174,1,1,AB,1,B,23.625,21.75,1.875,2.0,-0.125,False,True,1.7479946613311768,11.567863464355469,True,True
