concept,corpus_source,direction_id,kind,layer,mad,mean,n_sentences,n_token_projections,p01,p05,p50,p95,p99,sd
Dust,existing_localization,concept__l3__Dust,concept,3,0.10737463097926228,85.7649105541297,100,616,-0.21941944807767869,-0.17649824917316437,-0.030422919429838657,530.1278686523438,564.9727783203125,195.51507970940423
appreciation,existing_localization,concept__l3__appreciation,concept,3,0.11518055836027487,-75.55373115711558,100,616,-497.98095703125,-467.2514953613281,0.07178648188710213,0.23477181047201157,0.3204571291804317,172.34072578043876
betrayal,existing_localization,concept__l3__betrayal,concept,3,0.10264675583001226,-71.04873477568466,100,616,-468.306640625,-439.385986328125,0.06490801647305489,0.21601710468530655,0.2750454455614092,162.06309533191916
,existing_localization,noise__l3__0000,noise,3,0.055329056708514686,-0.7086356744571217,100,616,-4.782983779907227,-4.490301609039307,0.002921104314737022,0.10934661887586117,0.15313246399164218,1.6623011884141945
,existing_localization,noise__l3__0001,noise,3,0.06278239616949577,0.06252748229164425,100,616,-0.09426619447767734,-0.07380130514502525,0.002090008812956512,0.4807746410369873,0.486274778842926,0.16637382837212983
,existing_localization,noise__l3__0002,noise,3,0.05251115080621093,-1.662175382552298,100,616,-11.088562965393066,-10.436097145080566,0.016092773526906967,0.1043562013655901,0.1278905987739564,3.853061613543881
,existing_localization,noise__l3__0003,noise,3,0.050036144071351735,-2.734464341248446,100,616,-18.08453941345215,-16.997745513916016,0.006190107669681311,0.07608110085129738,0.11388641633093362,6.262610510728607
,existing_localization,noise__l3__0004,noise,3,0.053830055574327705,0.5739190578865123,100,616,-0.09731876887381077,-0.06797849200665951,0.010445978492498398,3.5930874347686768,3.754704713821411,1.313372615343793
,existing_localization,noise__l3__0005,noise,3,0.050797308767773205,-2.3947174418373667,100,616,-15.936680793762207,-14.855352401733398,0.009571521542966366,0.09175699017941952,0.13206458389759068,5.504064139053291
,existing_localization,noise__l3__0006,noise,3,0.05692754295878112,0.043403830244878684,100,616,-0.13774023428559304,-0.09210648015141487,-0.00813279114663601,0.4124295711517334,0.43807482719421387,0.1577308690539074
,existing_localization,noise__l3__0007,noise,3,0.06470708434637636,1.030579565136199,100,616,-0.11537177488207817,-0.0964748989790678,-0.013394114561378956,6.527477264404297,6.863076210021973,2.3999404271997706
,existing_localization,noise__l3__0008,noise,3,0.0499001421874389,-0.2567641381000459,100,616,-1.763837456703186,-1.710571527481079,0.008348277769982815,0.08145877718925476,0.1090257003903389,0.62419912590434
,existing_localization,noise__l3__0009,noise,3,0.04812484858632087,0.16290678644088677,100,616,-0.18823512867093087,-0.13473281636834145,-0.04421716555953026,1.3418974876403809,1.3509109020233154,0.5013812402302912
,existing_localization,random__l3__0000,random,3,0.051255861281231045,0.9067191579076764,100,616,-0.1221278041601181,-0.08875283598899841,-0.005378605332225561,5.660519599914551,6.1158127784729,2.1034294994952303
,existing_localization,random__l3__0001,random,3,0.05604899756200611,1.3055547338187719,100,616,-0.04666226301342249,-0.01949778851121664,0.07008444517850876,7.802004814147949,8.282437324523926,2.843263131387369
Dust,existing_localization,concept__l16__Dust,concept,16,0.6333385587215423,42.76970367065885,100,616,-2.37538503408432,-2.09138685464859,-1.338214635848999,271.584228515625,289.2273254394531,100.6302893524739
appreciation,existing_localization,concept__l16__appreciation,concept,16,0.5268331432163715,-20.181945410641756,100,616,-136.25567626953125,-127.98876190185547,0.5174515247344971,1.2962539792060852,1.8005206882953646,47.42856540203825
betrayal,existing_localization,concept__l16__betrayal,concept,16,0.5956753302097321,-25.869234887665357,100,616,-163.02963256835938,-153.051025390625,-1.392926812171936,-0.6308181285858154,-0.3506314277648924,55.97586091397759
,existing_localization,noise__l16__0000,noise,16,0.18180021403133867,-0.03520890437792261,100,616,-0.693368348479271,-0.5650297999382019,-0.30289432406425476,1.569089412689209,1.6676068305969238,0.7127483536280463
,existing_localization,noise__l16__0001,noise,16,0.21573434548974035,-1.5615894104786483,100,616,-9.604366302490234,-9.091060638427734,-0.15771117061376572,0.11790589056909084,0.23064085617661478,3.2971066877778585
,existing_localization,noise__l16__0002,noise,16,0.2096547872632742,0.27089878772808745,100,616,-0.4999821648001671,-0.40021059662103653,-0.09705068171024323,2.3705644607543945,2.5715370178222656,0.9375231058444489
,existing_localization,noise__l16__0003,noise,16,0.19422864863723516,-0.9258019676176504,100,616,-6.343255043029785,-5.956827282905579,-0.01768055371940136,0.3134153187274933,0.42845248579978945,2.1972699573666303
,existing_localization,noise__l16__0004,noise,16,0.15547526760846375,0.7776024052412128,100,616,-0.4799246683716774,-0.37807168811559677,-0.1364128589630127,5.6964192390441895,6.056705474853516,2.1573710956684318
,existing_localization,noise__l16__0005,noise,16,0.16185982331335544,-2.833058919455227,100,616,-18.41815185546875,-17.316659927368164,-0.07466603070497513,0.19321708008646965,0.2807409480214119,6.367546145018891
,existing_localization,noise__l16__0006,noise,16,0.19627959126234054,-1.256340709288133,100,616,-8.492119789123535,-8.044530868530273,0.00717531144618988,0.3071284517645836,0.3866979837417606,2.9801924730647698
,existing_localization,noise__l16__0007,noise,16,0.24098377012833952,-0.4147102092574169,100,616,-2.216299533843994,-2.0901081562042236,-0.1386147066950798,0.21802233159542084,0.32726605385541924,0.7526680007844405
,existing_localization,noise__l16__0008,noise,16,0.24137553574964402,-0.8875975411297609,100,616,-6.640501022338867,-6.193275451660156,0.10838017240166664,0.3795093894004822,0.4736864805221558,2.3355803718618193
,existing_localization,noise__l16__0009,noise,16,0.1935433294326067,-2.4437075500220042,100,616,-16.56292724609375,-15.49761962890625,0.057623885571956635,0.29524901509284973,0.40253750532865573,5.758967967647682
,existing_localization,random__l16__0000,random,16,0.18145329610705374,0.15184771338199543,100,616,-0.31015601605176923,-0.20319750532507896,0.06700051203370094,0.8147818446159363,0.8147825002670288,0.3110534112263284
,existing_localization,random__l16__0001,random,16,0.18309241315573452,0.8526230199117358,100,616,-0.39634501934051514,-0.22652481123805046,0.059068767353892326,5.228172779083252,5.626204490661621,1.938410248390484
Dust,existing_localization,concept__l28__Dust,concept,28,1.0056274217069148,16.9123108397879,100,616,-0.8567598223686218,-0.19636772945523262,1.001512497663498,99.82056427001953,106.33931732177734,36.49680826216869
appreciation,existing_localization,concept__l28__appreciation,concept,28,1.3807804121665657,-8.398165921462917,100,616,-51.78016662597656,-48.70667266845703,-0.9447216987609863,1.2079163193702698,1.9587384402751933,17.763309513866886
betrayal,existing_localization,concept__l28__betrayal,concept,28,1.4383893170177935,-9.89711964660167,100,616,-65.0686264038086,-61.08404541015625,-0.2544139325618744,1.581029623746872,2.258974516391755,22.538824170371395
,existing_localization,noise__l28__0000,noise,28,0.5267042116105556,3.625378917672901,100,616,-0.3184967041015625,0.05148418992757797,0.850657194852829,18.569299697875977,19.726348876953125,6.579982672075843
,existing_localization,noise__l28__0001,noise,28,0.5416490770071745,1.5680432122279346,100,616,-1.0419516742229462,-0.7904244959354401,-0.06906726211309433,10.512151718139648,11.2208833694458,3.9494987903442036
,existing_localization,noise__l28__0002,noise,28,0.5313056170826778,-1.5196090699113034,100,616,-8.4971342086792,-8.002176284790039,-0.3401286154985428,0.3182188794016838,0.5056711450219158,2.8678691539387473
,existing_localization,noise__l28__0003,noise,28,0.5080579972922802,1.3956904900623122,100,616,-0.44497566819190976,-0.00534285232424736,0.7269256412982941,5.326084613800049,5.716381549835205,1.7786299762158289
,existing_localization,noise__l28__0004,noise,28,0.581531670024991,2.191198489232618,100,616,-1.0642737746238708,-0.7546259313821793,0.032756103202700615,13.955116271972656,14.836429595947266,5.180465968693508
,existing_localization,noise__l28__0005,noise,28,0.5664359462544322,-2.1120345318786704,100,616,-11.784324645996094,-11.052328109741211,-0.48542776703834534,0.233019407838583,0.5105664879083637,3.9548409916565115
,existing_localization,noise__l28__0006,noise,28,0.5822373308636247,-1.2518452435078753,100,616,-6.699487686157227,-6.318572044372559,-0.40554405748844147,0.45930661261081696,0.8788693994283692,2.2752188293578635
,existing_localization,noise__l28__0007,noise,28,0.5987966415524483,-1.0750515333848534,100,616,-6.9030938148498535,-6.46599006652832,-0.1585254967212677,0.669560506939888,0.9385211557149893,2.4077251512360016
,existing_localization,noise__l28__0008,noise,28,0.5901759338323026,0.3171608959394205,100,616,-1.0385432124137879,-0.8279755115509033,0.0002640131860971451,2.4476985931396484,2.560884475708008,1.0234729992577658
,existing_localization,noise__l28__0009,noise,28,0.5883847930323333,-2.7617263699059267,100,616,-16.526832580566406,-15.636665344238281,-0.44338349997997284,0.41324566304683685,0.8340432912111283,5.642197788622671
,existing_localization,random__l28__0000,random,28,0.7222063028723001,-0.26538869639096613,100,616,-3.0385639667510986,-2.8431782722473145,0.10591162741184235,1.036595642566681,1.3394361078739165,1.236772991095197
,existing_localization,random__l28__0001,random,28,0.5619883029341698,1.1881637828312692,100,616,-1.549783968925476,-1.296605497598648,-0.5534706115722656,10.595815658569336,11.326559066772461,4.161497311696304
